date,pm25,pm10,aqi,temperature_c,humidity_pct
2018-01-01,27.0,41.3,43,5.6,58.7
2018-01-02,30.1,44.3,50,1.1,49.2
2018-01-03,39.0,61.6,68,5.8,64.1
2018-01-04,24.2,32.8,45,5.2,42.8
2018-01-05,9.5,15.7,14,1.9,37.8
2018-01-06,27.0,52.5,49,2.4,48.5
2018-01-07,20.8,36.4,42,0.7,50.7
2018-01-08,17.8,33.8,38,-1.2,31.3
2018-01-09,31.2,46.6,60,3.1,23.2
2018-01-10,17.5,29.0,34,3.0,23.8
2018-01-11,13.9,24.6,24,-3.4,45.7
2018-01-12,26.2,47.6,44,1.3,57.4
2018-01-13,18.4,27.0,36,4.2,57.2
2018-01-14,23.1,46.8,36,6.1,14.1
2018-01-15,10.4,14.4,19,3.9,36.4
2018-01-16,13.8,19.2,19,-2.7,62.3
2018-01-17,12.7,19.4,23,-1.2,45.4
2018-01-18,22.3,42.1,35,1.0,30.2
2018-01-19,9.0,12.3,14,6.3,60.6
2018-01-20,2.0,2.6,0,0.4,27.4
2018-01-21,20.5,35.4,33,5.5,38.8
2018-01-22,10.3,16.6,18,0.5,63.7
2018-01-23,19.7,28.4,23,4.1,35.7
2018-01-24,26.7,50.5,39,-0.2,23.9
2018-01-25,15.2,28.5,31,2.1,59.5
2018-01-26,26.4,37.2,48,-0.6,33.4
2018-01-27,12.9,19.4,20,7.3,44.7
2018-01-28,24.0,39.1,48,1.0,73.9
2018-01-29,9.7,21.3,14,-1.4,34.3
2018-01-30,13.5,26.9,21,-1.5,40.1
2018-01-31,5.0,8.0,5,3.2,43.9
2018-02-01,8.3,18.0,24,2.2,29.4
2018-02-02,11.8,20.2,22,5.7,38.6
2018-02-03,2.1,3.4,5,3.2,58.5
2018-02-04,13.3,28.6,26,7.6,41.1
2018-02-05,10.7,21.0,10,3.1,62.4
2018-02-06,14.3,25.6,23,7.4,54.5
2018-02-07,2.0,3.7,6,1.7,62.3
2018-02-08,16.6,36.1,30,0.2,54.3
2018-02-09,30.6,44.0,66,2.4,35.0
2018-02-10,30.1,48.5,52,1.6,56.5
2018-02-11,26.9,45.2,53,1.5,54.3
2018-02-12,12.3,26.9,26,6.6,31.4
2018-02-13,8.8,12.1,17,4.7,46.7
2018-02-14,16.1,22.5,31,6.1,34.3
2018-02-15,7.4,12.5,12,7.5,58.1
2018-02-16,2.0,2.9,0,1.0,66.6
2018-02-17,18.9,36.2,36,8.0,53.1
2018-02-18,8.5,13.8,17,2.8,54.1
2018-02-19,2.0,4.1,7,4.9,23.9
2018-02-20,5.1,10.1,9,1.2,41.8
2018-02-21,7.9,13.6,19,9.0,65.3
2018-02-22,12.5,25.8,18,2.2,50.5
2018-02-23,10.3,14.3,26,3.8,81.9
2018-02-24,19.3,35.2,30,4.3,91.0
2018-02-25,2.0,3.7,3,7.5,41.2
2018-02-26,13.5,20.5,28,7.6,45.5
2018-02-27,2.0,2.7,1,10.7,44.4
2018-02-28,17.3,30.8,35,8.2,53.2
2018-03-01,8.3,14.6,13,11.6,25.3
2018-03-02,5.0,9.4,10,10.0,76.3
2018-03-03,17.3,25.8,30,6.3,45.9
2018-03-04,19.8,28.9,33,7.3,32.0
2018-03-05,19.8,43.2,47,14.1,32.4
2018-03-06,2.0,2.8,0,13.5,32.0
2018-03-07,11.2,24.6,9,12.5,38.3
2018-03-08,14.9,29.0,23,13.1,47.6
2018-03-09,6.0,11.2,11,11.9,62.1
2018-03-10,8.8,14.1,14,11.7,65.4
2018-03-11,19.7,41.0,41,11.1,45.6
2018-03-12,16.3,34.5,34,16.3,51.2
2018-03-13,14.3,27.9,24,10.0,39.6
2018-03-14,9.0,17.5,8,12.3,41.9
2018-03-15,24.2,42.2,37,6.7,25.4
2018-03-16,3.8,5.2,7,7.8,34.3
2018-03-17,2.0,4.4,0,17.8,51.9
2018-03-18,10.3,13.5,17,14.4,56.3
2018-03-19,8.3,14.5,22,12.2,69.6
2018-03-20,18.2,29.7,34,13.3,68.3
2018-03-21,2.0,4.0,4,9.2,58.2
2018-03-22,17.4,34.1,26,12.2,58.4
2018-03-23,2.0,3.7,5,9.4,55.3
2018-03-24,15.6,21.3,27,13.1,80.6
2018-03-25,6.1,9.2,12,16.3,65.8
2018-03-26,4.6,6.4,12,15.8,39.0
2018-03-27,24.1,52.6,48,19.5,41.6
2018-03-28,19.0,26.9,35,15.9,63.7
2018-03-29,2.0,4.3,6,7.8,37.0
2018-03-30,4.0,5.6,5,21.3,53.4
2018-03-31,26.7,55.4,54,13.2,53.0
2018-04-01,32.7,59.4,54,16.4,82.8
2018-04-02,12.9,26.4,22,16.5,79.3
2018-04-03,2.0,3.7,10,17.1,42.2
2018-04-04,21.7,43.2,37,16.8,56.1
2018-04-05,2.0,3.9,0,17.1,54.0
2018-04-06,15.5,23.8,26,13.2,64.8
2018-04-07,3.5,7.5,13,25.1,75.1
2018-04-08,15.1,28.4,16,19.6,84.3
2018-04-09,2.0,3.0,4,18.0,73.0
2018-04-10,3.4,5.4,3,23.6,45.8
2018-04-11,13.0,23.1,23,15.1,43.0
2018-04-12,2.0,4.2,2,21.1,36.8
2018-04-13,27.9,56.3,55,17.1,70.1
2018-04-14,2.0,3.1,4,20.2,57.1
2018-04-15,2.0,3.8,9,20.5,34.2
2018-04-16,12.9,16.8,30,12.5,42.4
2018-04-17,33.7,53.9,61,15.4,51.0
2018-04-18,5.4,11.1,8,24.7,69.9
2018-04-19,2.0,2.9,5,19.4,54.6
2018-04-20,2.0,3.2,6,26.4,78.4
2018-04-21,2.0,2.6,0,24.5,28.1
2018-04-22,14.8,19.5,28,20.1,35.6
2018-04-23,6.8,9.7,11,20.1,30.8
2018-04-24,9.9,13.8,16,26.2,80.1
2018-04-25,10.2,17.8,15,27.8,37.2
2018-04-26,12.8,27.0,20,20.8,35.3
2018-04-27,4.1,5.6,14,26.5,26.9
2018-04-28,5.5,11.5,8,25.2,34.6
2018-04-29,16.3,31.0,35,25.9,42.9
2018-04-30,9.2,13.4,17,22.8,27.9
2018-05-01,18.9,29.5,28,20.7,78.3
2018-05-02,4.8,7.1,10,19.7,29.5
2018-05-03,13.0,26.1,17,19.2,47.0
2018-05-04,2.0,3.9,7,29.0,24.7
2018-05-05,6.4,10.1,10,23.5,35.1
2018-05-06,22.5,30.4,45,20.2,34.0
2018-05-07,2.0,2.9,11,26.9,87.3
2018-05-08,17.3,32.3,22,22.6,46.3
2018-05-09,2.0,2.8,1,22.3,33.4
2018-05-10,2.0,3.6,0,30.6,57.1
2018-05-11,2.0,3.7,14,20.6,65.8
2018-05-12,14.9,28.6,25,25.5,54.7
2018-05-13,15.6,22.0,22,23.2,34.7
2018-05-14,20.1,34.4,47,22.9,17.9
2018-05-15,22.3,38.3,37,20.9,58.9
2018-05-16,23.0,47.2,33,25.6,57.4
2018-05-17,3.5,6.0,1,23.0,20.8
2018-05-18,4.8,8.0,9,27.5,19.7
2018-05-19,19.7,27.8,36,25.8,53.0
2018-05-20,22.4,43.1,36,25.1,37.3
2018-05-21,3.6,6.7,4,23.6,51.0
2018-05-22,22.0,42.8,40,30.6,54.6
2018-05-23,2.0,3.8,10,28.7,62.7
2018-05-24,22.0,45.9,41,24.6,44.3
2018-05-25,10.9,22.8,17,22.7,67.8
2018-05-26,14.4,22.7,25,21.2,49.9
2018-05-27,14.6,21.4,30,30.4,53.5
2018-05-28,6.8,14.5,21,29.9,45.6
2018-05-29,23.6,45.8,37,30.4,26.8
2018-05-30,17.2,37.4,37,27.0,51.3
2018-05-31,21.8,38.1,38,29.9,14.9
2018-06-01,25.3,54.8,37,30.7,44.7
2018-06-02,14.5,20.5,17,27.5,38.9
2018-06-03,9.8,17.9,24,26.7,30.4
2018-06-04,6.1,10.7,18,25.0,61.5
2018-06-05,32.1,41.8,55,29.3,30.5
2018-06-06,36.3,53.5,64,29.7,37.1
2018-06-07,22.6,32.5,32,26.9,50.9
2018-06-08,20.0,27.1,40,27.4,34.8
2018-06-09,20.7,44.6,37,27.7,47.1
2018-06-10,25.9,56.2,39,30.8,50.0
2018-06-11,14.5,30.5,27,24.3,34.8
2018-06-12,15.2,33.3,20,25.2,50.8
2018-06-13,7.5,15.4,16,25.3,64.8
2018-06-14,16.6,35.5,24,28.2,47.8
2018-06-15,40.7,60.1,75,29.6,61.6
2018-06-16,30.7,47.0,52,25.5,47.1
2018-06-17,18.7,38.8,22,31.5,72.4
2018-06-18,2.0,3.5,9,33.2,49.5
2018-06-19,11.3,22.0,26,30.1,78.2
2018-06-20,17.7,32.0,29,32.3,81.2
2018-06-21,26.7,42.1,49,26.2,47.9
2018-06-22,18.0,28.0,35,26.3,74.9
2018-06-23,23.4,46.2,44,30.5,39.5
2018-06-24,13.7,24.4,33,28.9,41.2
2018-06-25,18.4,29.9,35,26.3,35.3
2018-06-26,17.6,32.7,30,33.3,37.7
2018-06-27,13.3,22.3,26,29.9,46.6
2018-06-28,34.0,58.7,59,31.1,70.5
2018-06-29,16.7,31.9,25,27.0,68.5
2018-06-30,8.1,13.9,21,34.0,23.0
2018-07-01,34.7,74.8,65,28.5,50.9
2018-07-02,14.0,24.3,16,32.0,30.3
2018-07-03,27.8,60.2,47,27.2,52.0
2018-07-04,17.7,36.5,36,29.4,37.0
2018-07-05,28.6,60.1,44,30.6,46.9
2018-07-06,26.4,52.5,44,34.8,56.9
2018-07-07,34.7,64.0,76,27.5,55.1
2018-07-08,26.3,46.8,46,29.4,55.2
2018-07-09,16.3,29.3,35,30.5,56.5
2018-07-10,29.0,43.0,60,24.4,52.8
2018-07-11,19.0,28.4,30,22.1,58.2
2018-07-12,7.1,9.4,14,25.6,55.5
2018-07-13,20.5,40.4,47,31.4,42.5
2018-07-14,46.3,65.4,86,33.6,31.0
2018-07-15,9.4,17.1,29,25.6,30.8
2018-07-16,30.0,42.7,51,24.6,55.2
2018-07-17,34.1,46.4,70,32.8,58.1
2018-07-18,38.6,68.7,70,26.4,25.1
2018-07-19,15.0,31.3,25,26.9,64.9
2018-07-20,25.4,41.2,49,32.3,63.2
2018-07-21,30.7,65.3,55,31.7,53.3
2018-07-22,29.8,39.0,53,30.6,49.6
2018-07-23,22.7,39.0,43,22.5,59.1
2018-07-24,25.6,36.7,37,23.8,28.9
2018-07-25,24.3,38.5,40,30.8,66.0
2018-07-26,47.9,63.3,90,28.3,27.8
2018-07-27,38.9,51.8,75,24.9,30.6
2018-07-28,30.2,58.6,56,26.1,47.4
2018-07-29,31.9,60.3,59,30.3,20.3
2018-07-30,29.4,43.7,55,31.4,30.5
2018-07-31,38.6,81.5,74,26.7,53.2
2018-08-01,38.4,73.7,62,24.5,30.5
2018-08-02,29.6,47.4,51,25.6,64.1
2018-08-03,34.7,57.8,62,30.3,21.8
2018-08-04,17.2,26.9,32,30.1,49.3
2018-08-05,12.2,25.0,11,26.6,36.6
2018-08-06,44.3,77.3,73,24.3,44.3
2018-08-07,30.4,43.2,55,29.0,37.4
2018-08-08,31.7,47.0,62,30.4,49.8
2018-08-09,21.3,33.4,36,21.0,40.9
2018-08-10,21.7,36.1,36,24.5,39.8
2018-08-11,24.0,44.0,46,28.5,37.0
2018-08-12,48.6,105.4,86,25.1,36.1
2018-08-13,33.0,50.7,64,23.3,40.0
2018-08-14,27.7,44.2,49,25.1,56.1
2018-08-15,24.6,32.5,39,25.5,42.4
2018-08-16,45.4,74.2,89,20.8,54.4
2018-08-17,38.4,73.3,75,24.3,80.9
2018-08-18,26.8,58.1,43,24.9,47.6
2018-08-19,40.3,79.2,75,22.2,42.1
2018-08-20,32.6,45.8,57,21.1,39.1
2018-08-21,29.9,62.8,57,21.6,49.8
2018-08-22,42.5,87.3,72,20.1,22.0
2018-08-23,37.3,54.8,71,25.4,77.7
2018-08-24,27.9,59.7,56,19.7,49.5
2018-08-25,41.3,80.2,70,23.0,59.6
2018-08-26,52.9,106.0,96,21.1,72.0
2018-08-27,33.8,57.9,67,19.9,53.2
2018-08-28,38.4,56.9,64,26.0,38.7
2018-08-29,37.4,75.5,64,21.2,20.5
2018-08-30,36.9,63.8,70,19.4,53.7
2018-08-31,23.5,51.0,41,18.9,26.1
2018-09-01,46.0,66.1,75,22.0,38.7
2018-09-02,41.7,67.5,73,23.2,57.2
2018-09-03,29.1,57.1,61,24.4,43.2
2018-09-04,37.8,68.6,78,19.8,41.7
2018-09-05,28.7,48.5,48,19.4,67.6
2018-09-06,39.5,76.3,67,20.3,63.2
2018-09-07,33.8,66.2,59,20.1,70.0
2018-09-08,37.3,67.9,76,17.1,20.0
2018-09-09,25.7,40.8,50,23.6,28.8
2018-09-10,29.8,55.3,61,19.0,63.9
2018-09-11,44.9,80.4,86,20.3,44.9
2018-09-12,30.1,60.7,48,19.8,66.4
2018-09-13,15.9,30.0,24,19.5,53.3
2018-09-14,34.2,59.8,58,15.0,34.8
2018-09-15,54.5,71.8,95,17.8,52.2
2018-09-16,41.4,60.0,71,24.4,18.8
2018-09-17,31.3,50.2,54,22.1,55.0
2018-09-18,33.9,62.4,64,17.5,67.3
2018-09-19,39.4,79.3,72,15.7,55.9
2018-09-20,20.0,43.3,42,9.9,61.6
2018-09-21,31.0,57.0,57,14.9,30.3
2018-09-22,43.1,84.3,74,15.9,32.8
2018-09-23,51.0,94.8,93,14.9,12.2
2018-09-24,31.3,52.8,49,14.9,70.3
2018-09-25,46.9,86.7,73,17.3,88.0
2018-09-26,28.7,47.7,55,12.2,30.7
2018-09-27,8.5,14.5,20,15.7,60.1
2018-09-28,43.7,92.6,79,14.3,38.4
2018-09-29,45.7,82.6,80,11.8,39.0
2018-09-30,46.9,65.2,78,19.2,33.5
2018-10-01,42.2,74.8,82,16.2,80.3
2018-10-02,36.3,78.3,68,11.4,70.6
2018-10-03,33.6,46.7,62,15.0,58.6
2018-10-04,36.3,78.9,65,9.1,53.0
2018-10-05,30.9,67.6,53,11.0,41.8
2018-10-06,34.8,62.8,57,16.7,55.3
2018-10-07,24.2,38.7,45,13.6,40.4
2018-10-08,29.0,37.9,50,13.1,53.7
2018-10-09,34.3,45.1,60,15.0,74.4
2018-10-10,20.0,33.0,45,13.6,23.7
2018-10-11,19.6,39.3,35,10.8,21.5
2018-10-12,41.9,90.0,63,14.1,54.8
2018-10-13,37.1,53.4,64,6.0,36.2
2018-10-14,32.6,56.7,54,8.9,44.0
2018-10-15,20.1,35.2,35,10.4,76.7
2018-10-16,50.7,83.3,84,12.1,47.2
2018-10-17,24.1,43.0,46,9.2,63.4
2018-10-18,30.5,65.0,53,4.6,41.4
2018-10-19,24.4,41.4,42,4.0,57.2
2018-10-20,49.6,70.6,90,9.3,46.3
2018-10-21,39.9,75.8,71,7.9,64.0
2018-10-22,30.1,40.0,54,6.4,29.3
2018-10-23,32.0,68.7,56,5.6,61.2
2018-10-24,36.3,77.9,65,9.0,21.9
2018-10-25,28.8,39.8,54,12.3,48.1
2018-10-26,37.6,67.5,69,8.6,43.9
2018-10-27,30.0,60.5,60,12.0,86.2
2018-10-28,43.2,74.2,75,6.7,64.9
2018-10-29,36.9,63.9,68,8.9,29.6
2018-10-30,32.0,69.5,70,11.5,62.0
2018-10-31,23.5,35.4,42,6.7,62.2
2018-11-01,32.0,56.8,58,7.1,45.7
2018-11-02,24.0,33.7,37,5.7,62.0
2018-11-03,32.7,51.4,55,8.4,40.6
2018-11-04,34.1,70.4,61,9.1,61.2
2018-11-05,28.5,55.4,54,7.3,48.7
2018-11-06,29.8,55.2,57,5.3,85.9
2018-11-07,44.7,62.7,82,1.4,44.9
2018-11-08,30.5,63.0,59,5.5,78.4
2018-11-09,58.2,91.3,100,4.9,37.3
2018-11-10,33.6,59.9,63,6.0,46.9
2018-11-11,35.8,54.1,65,5.5,26.9
2018-11-12,33.7,59.6,61,9.7,64.7
2018-11-13,34.3,61.9,60,2.7,68.3
2018-11-14,39.5,63.5,66,-0.1,58.6
2018-11-15,40.9,71.8,68,1.1,43.6
2018-11-16,17.1,28.5,32,2.4,33.1
2018-11-17,36.3,70.0,68,7.4,78.7
2018-11-18,36.5,65.3,65,0.1,35.2
2018-11-19,29.9,62.5,54,0.4,47.3
2018-11-20,44.5,59.8,76,5.0,65.7
2018-11-21,47.9,63.4,89,6.1,42.1
2018-11-22,40.9,60.1,74,-1.2,35.3
2018-11-23,25.0,35.2,43,-2.0,51.6
2018-11-24,19.3,34.2,39,0.8,50.8
2018-11-25,35.5,52.5,67,5.0,40.9
2018-11-26,42.6,56.0,69,3.4,71.8
2018-11-27,11.9,18.5,22,0.6,50.8
2018-11-28,36.9,64.9,62,4.9,55.1
2018-11-29,25.7,49.9,47,3.0,38.0
2018-11-30,17.4,29.5,16,2.2,51.2
2018-12-01,30.5,66.1,56,-2.5,47.6
2018-12-02,34.1,50.5,65,-0.0,42.4
2018-12-03,26.1,46.0,46,8.0,60.1
2018-12-04,22.6,34.5,35,1.1,72.4
2018-12-05,46.3,93.8,93,-0.9,34.4
2018-12-06,20.5,30.1,43,0.7,58.1
2018-12-07,35.4,76.7,61,2.2,61.9
2018-12-08,22.4,43.6,39,4.4,61.5
2018-12-09,28.4,51.2,41,3.5,35.3
2018-12-10,42.6,75.8,79,-0.4,35.0
2018-12-11,32.0,52.0,51,5.3,45.6
2018-12-12,41.6,54.9,78,3.9,61.3
2018-12-13,21.4,45.4,44,0.1,71.6
2018-12-14,34.5,69.5,62,1.0,35.4
2018-12-15,13.6,19.3,19,3.1,64.6
2018-12-16,12.2,17.2,28,4.5,30.4
2018-12-17,25.9,40.9,47,-3.4,79.5
2018-12-18,25.7,51.1,47,1.4,44.8
2018-12-19,35.9,62.9,60,1.0,64.9
2018-12-20,37.6,71.0,69,-0.6,40.5
2018-12-21,23.1,30.2,41,-0.7,80.9
2018-12-22,25.3,53.9,39,4.2,57.2
2018-12-23,30.5,44.2,62,2.6,49.0
2018-12-24,28.0,44.4,59,7.3,14.4
2018-12-25,20.9,45.0,43,-0.7,44.0
2018-12-26,21.9,42.9,44,1.4,68.7
2018-12-27,23.8,41.9,52,1.9,38.7
2018-12-28,35.2,73.1,58,3.7,61.8
2018-12-29,18.9,25.6,29,5.1,44.3
2018-12-30,23.7,32.4,41,1.3,36.9
2018-12-31,16.3,23.5,31,-2.2,28.0
2019-01-01,12.4,19.1,21,-1.1,40.5
2019-01-02,25.6,49.6,41,1.5,42.8
2019-01-03,22.5,40.0,41,4.5,72.0
2019-01-04,39.1,65.8,70,-3.2,31.4
2019-01-05,25.2,50.5,50,-2.3,68.4
2019-01-06,18.0,28.5,33,3.5,22.2
2019-01-07,15.8,21.8,19,-2.6,28.1
2019-01-08,19.5,32.3,37,-2.1,41.1
2019-01-09,23.2,46.2,50,4.8,19.8
2019-01-10,14.8,25.6,27,0.7,31.8
2019-01-11,4.8,10.5,14,0.6,57.3
2019-01-12,11.7,24.2,19,5.6,39.5
2019-01-13,23.0,46.3,44,-1.6,62.4
2019-01-14,27.6,55.1,46,-2.1,49.4
2019-01-15,4.5,8.2,7,6.6,55.4
2019-01-16,23.3,49.2,41,2.5,16.9
2019-01-17,16.6,30.4,32,4.0,40.8
2019-01-18,18.8,30.7,30,1.1,40.1
2019-01-19,13.6,20.1,17,1.8,44.6
2019-01-20,8.3,16.9,17,0.1,81.7
2019-01-21,18.9,30.9,36,3.2,61.4
2019-01-22,25.6,51.5,47,4.9,42.6
2019-01-23,23.5,51.3,47,3.1,54.3
2019-01-24,5.6,9.3,9,5.8,42.7
2019-01-25,14.4,23.1,27,4.7,57.4
2019-01-26,2.0,2.9,2,-0.3,42.2
2019-01-27,13.8,23.8,24,2.5,41.2
2019-01-28,20.1,38.0,38,1.7,62.6
2019-01-29,33.1,52.3,71,5.5,34.4
2019-01-30,2.0,3.5,7,4.7,11.3
2019-01-31,3.2,5.7,9,3.9,41.9
2019-02-01,12.4,19.2,26,6.7,55.4
2019-02-02,3.2,4.2,0,-1.8,45.8
2019-02-03,13.2,19.7,25,2.1,45.2
2019-02-04,17.7,35.8,36,2.5,75.3
2019-02-05,2.0,3.1,4,5.0,51.4
2019-02-06,19.6,25.7,35,6.0,21.1
2019-02-07,2.0,3.4,0,4.5,52.6
2019-02-08,24.0,45.9,41,0.7,51.9
2019-02-09,12.2,24.1,18,6.1,61.7
2019-02-10,4.7,7.9,13,5.4,43.0
2019-02-11,2.0,3.6,11,0.8,47.3
2019-02-12,17.8,35.1,42,4.5,35.1
2019-02-13,19.6,41.2,31,6.7,70.9
2019-02-14,3.5,6.6,3,10.7,58.0
2019-02-15,5.3,10.2,6,2.6,58.3
2019-02-16,3.7,5.1,2,8.4,52.0
2019-02-17,24.7,41.5,39,3.0,18.8
2019-02-18,2.0,4.2,1,2.6,53.4
2019-02-19,21.3,30.8,43,3.0,59.2
2019-02-20,4.8,7.6,5,8.7,54.2
2019-02-21,8.3,15.9,20,7.4,60.9
2019-02-22,7.4,15.6,20,6.3,47.1
2019-02-23,12.9,17.5,25,8.8,70.6
2019-02-24,4.1,8.5,14,7.8,56.4
2019-02-25,19.5,29.2,28,8.2,63.4
2019-02-26,16.2,33.6,26,7.1,52.5
2019-02-27,2.0,4.2,5,5.2,67.2
2019-02-28,12.1,24.2,23,13.6,28.8
2019-03-01,5.3,11.3,17,12.9,55.8
2019-03-02,6.3,13.6,6,13.7,61.0
2019-03-03,19.0,40.5,32,7.5,24.4
2019-03-04,2.1,3.7,3,7.3,61.9
2019-03-05,17.4,29.9,29,8.3,50.3
2019-03-06,9.1,12.7,11,13.0,45.9
2019-03-07,5.8,8.7,8,10.0,44.1
2019-03-08,8.4,15.9,14,8.6,19.2
2019-03-09,8.7,12.3,23,11.6,43.0
2019-03-10,4.4,9.5,3,8.5,35.1
2019-03-11,4.4,6.6,12,6.9,55.7
2019-03-12,2.0,2.8,10,11.5,39.4
2019-03-13,7.3,11.0,11,9.8,52.0
2019-03-14,19.7,26.5,37,11.6,60.7
2019-03-15,10.3,14.9,21,3.8,48.9
2019-03-16,2.0,3.7,6,9.4,38.5
2019-03-17,10.8,16.9,20,12.2,48.9
2019-03-18,6.5,13.1,8,8.0,41.7
2019-03-19,10.8,18.0,23,8.4,60.1
2019-03-20,2.0,3.9,2,13.2,59.0
2019-03-21,2.0,3.9,4,15.4,81.3
2019-03-22,5.5,7.8,11,10.8,80.3
2019-03-23,18.4,24.9,37,13.0,40.1
2019-03-24,8.4,17.3,25,13.3,36.1
2019-03-25,7.8,15.1,10,9.6,73.1
2019-03-26,22.2,32.4,40,18.0,36.9
2019-03-27,5.5,10.5,2,14.2,61.7
2019-03-28,12.9,20.6,31,14.5,45.4
2019-03-29,2.0,2.7,4,16.3,49.6
2019-03-30,13.2,19.9,22,10.8,20.0
2019-03-31,11.6,23.0,21,18.4,63.0
2019-04-01,9.6,15.9,18,19.1,21.2
2019-04-02,2.0,3.6,0,16.6,58.8
2019-04-03,14.2,20.2,31,17.8,51.6
2019-04-04,12.8,17.7,26,15.7,42.7
2019-04-05,14.7,22.3,30,19.5,42.3
2019-04-06,9.5,16.4,14,14.7,49.9
2019-04-07,14.1,29.1,22,17.3,65.5
2019-04-08,5.2,10.3,9,17.7,46.4
2019-04-09,25.1,36.2,49,17.7,69.9
2019-04-10,5.2,7.1,12,21.3,56.0
2019-04-11,2.0,3.0,0,24.9,45.7
2019-04-12,2.4,5.0,8,18.2,53.8
2019-04-13,2.0,3.5,0,20.2,32.8
2019-04-14,30.0,60.8,51,16.6,41.8
2019-04-15,6.7,10.9,13,22.3,53.2
2019-04-16,2.0,3.7,0,17.9,28.4
2019-04-17,6.6,12.1,7,29.1,34.3
2019-04-18,17.1,31.9,39,14.9,65.0
2019-04-19,10.2,17.6,25,26.6,66.7
2019-04-20,18.7,28.3,45,23.3,43.1
2019-04-21,18.1,30.5,35,17.2,77.4
2019-04-22,6.1,13.3,14,27.8,61.2
2019-04-23,13.5,20.9,24,18.2,58.6
2019-04-24,2.0,3.9,2,20.3,28.8
2019-04-25,2.0,4.3,8,17.6,36.8
2019-04-26,15.9,28.8,35,21.2,47.0
2019-04-27,7.9,13.7,18,21.7,27.1
2019-04-28,15.0,21.1,23,24.6,52.8
2019-04-29,2.0,4.0,6,29.6,42.7
2019-04-30,17.0,36.0,27,21.0,64.8
2019-05-01,11.1,24.2,18,14.4,58.5
2019-05-02,9.2,13.6,25,24.9,64.3
2019-05-03,8.6,18.3,9,21.5,36.6
2019-05-04,9.1,14.9,27,28.8,61.7
2019-05-05,2.0,3.7,6,23.4,73.3
2019-05-06,8.3,12.5,13,21.4,57.1
2019-05-07,12.8,19.5,23,20.8,53.0
2019-05-08,5.6,10.4,7,25.9,53.6
2019-05-09,2.0,3.5,1,23.4,61.2
2019-05-10,13.9,30.1,25,28.8,53.8
2019-05-11,16.5,25.4,28,24.0,39.6
2019-05-12,16.4,34.3,25,29.0,29.1
2019-05-13,24.7,42.3,43,20.8,37.0
2019-05-14,20.2,28.7,30,19.9,16.8
2019-05-15,19.3,29.2,28,27.8,70.6
2019-05-16,9.1,18.0,10,24.0,18.9
2019-05-17,2.0,4.1,12,24.8,59.6
2019-05-18,17.6,23.5,34,22.7,69.4
2019-05-19,10.1,16.9,21,22.6,71.6
2019-05-20,5.1,8.9,9,28.0,44.0
2019-05-21,2.0,3.7,6,26.1,27.2
2019-05-22,33.0,62.2,65,23.2,58.0
2019-05-23,15.7,32.1,30,28.9,36.8
2019-05-24,2.0,3.1,12,30.1,34.3
2019-05-25,6.9,9.7,12,26.4,67.7
2019-05-26,17.4,25.5,34,29.9,60.3
2019-05-27,17.0,36.4,34,24.0,76.8
2019-05-28,12.9,23.1,19,28.9,44.1
2019-05-29,9.1,13.6,17,27.7,43.2
2019-05-30,15.2,30.5,18,25.0,43.7
2019-05-31,8.1,14.8,14,33.6,38.8
2019-06-01,29.2,47.6,51,28.3,48.1
2019-06-02,20.0,26.3,34,25.9,36.9
2019-06-03,6.2,12.4,9,27.8,35.9
2019-06-04,17.5,34.0,34,25.3,50.6
2019-06-05,17.4,26.7,27,24.5,27.4
2019-06-06,9.3,14.3,26,26.7,50.3
2019-06-07,34.7,53.6,65,27.0,56.0
2019-06-08,18.7,35.6,30,25.8,83.8
2019-06-09,24.4,38.2,47,32.1,40.1
2019-06-10,19.2,30.3,40,26.1,30.0
2019-06-11,19.6,32.1,37,25.6,60.7
2019-06-12,2.0,4.4,0,25.0,38.2
2019-06-13,17.2,29.5,42,24.7,63.8
2019-06-14,19.2,31.5,38,31.7,69.6
2019-06-15,16.4,28.3,23,29.5,33.8
2019-06-16,2.0,3.9,5,30.8,44.1
2019-06-17,20.8,43.6,36,31.8,74.2
2019-06-18,13.1,28.7,24,27.8,41.6
2019-06-19,24.0,41.7,37,33.3,56.2
2019-06-20,30.4,52.1,55,27.0,50.1
2019-06-21,14.6,23.3,22,25.6,77.8
2019-06-22,22.5,45.0,39,30.1,47.7
2019-06-23,28.4,53.7,53,29.4,45.4
2019-06-24,22.8,37.1,39,29.4,43.5
2019-06-25,18.4,32.5,32,32.0,49.5
2019-06-26,13.3,19.8,28,29.3,43.3
2019-06-27,12.7,24.4,18,29.9,41.2
2019-06-28,31.1,47.5,53,33.1,62.6
2019-06-29,28.7,46.3,45,29.8,57.9
2019-06-30,32.7,44.5,55,30.5,28.5
2019-07-01,21.8,32.7,40,24.7,67.0
2019-07-02,28.5,42.0,54,40.1,61.0
2019-07-03,15.7,30.8,24,24.2,28.1
2019-07-04,20.7,39.8,40,27.3,46.2
2019-07-05,25.3,45.1,46,27.2,59.2
2019-07-06,32.6,53.7,52,35.2,66.2
2019-07-07,51.5,108.2,94,27.0,59.7
2019-07-08,25.1,52.6,51,30.1,58.0
2019-07-09,15.7,28.9,19,27.0,55.9
2019-07-10,11.1,21.0,30,25.6,35.7
2019-07-11,18.0,36.3,29,30.3,25.3
2019-07-12,15.2,29.6,19,26.4,69.1
2019-07-13,2.0,3.0,4,29.1,36.7
2019-07-14,22.5,39.4,45,30.3,64.5
2019-07-15,28.9,41.5,51,34.1,48.3
2019-07-16,26.6,54.0,49,24.5,46.8
2019-07-17,25.8,48.7,57,27.8,40.8
2019-07-18,12.9,28.1,24,27.8,54.1
2019-07-19,31.8,45.2,72,28.0,39.0
2019-07-20,29.5,51.9,59,35.7,50.1
2019-07-21,32.0,62.5,58,27.3,50.1
2019-07-22,14.0,29.1,27,20.2,70.1
2019-07-23,22.1,45.7,38,27.1,57.4
2019-07-24,34.1,50.5,63,27.2,40.7
2019-07-25,25.5,55.7,49,26.7,69.4
2019-07-26,29.3,64.0,51,25.2,63.0
2019-07-27,31.2,67.8,49,23.3,75.0
2019-07-28,27.6,51.1,56,33.6,34.0
2019-07-29,31.5,64.5,62,27.9,25.5
2019-07-30,21.3,29.1,31,26.3,39.7
2019-07-31,17.3,26.5,32,33.1,56.1
2019-08-01,31.6,43.7,62,24.0,29.4
2019-08-02,34.9,61.2,67,28.3,39.0
2019-08-03,30.6,66.3,52,22.6,53.6
2019-08-04,31.9,60.1,62,28.4,20.3
2019-08-05,25.0,42.9,45,22.6,48.5
2019-08-06,35.3,71.1,65,27.3,57.9
2019-08-07,35.5,63.7,59,31.6,56.5
2019-08-08,31.3,53.6,35,25.8,36.9
2019-08-09,49.2,91.8,85,18.8,55.8
2019-08-10,25.1,44.2,48,25.3,22.6
2019-08-11,54.4,102.1,97,26.5,77.5
2019-08-12,18.3,37.0,36,27.6,36.3
2019-08-13,33.0,56.6,65,29.2,29.6
2019-08-14,19.3,32.3,33,29.1,51.3
2019-08-15,31.9,57.5,55,24.0,70.2
2019-08-16,37.8,79.9,57,22.2,61.1
2019-08-17,33.2,55.8,52,20.7,46.7
2019-08-18,38.6,79.6,63,22.2,78.9
2019-08-19,26.8,49.7,51,25.1,46.8
2019-08-20,16.0,21.0,27,19.4,77.6
2019-08-21,36.1,62.4,62,20.5,38.4
2019-08-22,35.2,52.4,60,24.7,77.8
2019-08-23,32.4,46.5,54,20.9,54.3
2019-08-24,27.7,41.9,54,23.8,84.7
2019-08-25,34.0,66.0,62,20.0,44.2
2019-08-26,24.9,46.4,50,23.1,53.6
2019-08-27,37.3,66.5,56,19.7,39.1
2019-08-28,45.5,79.4,85,16.1,50.9
2019-08-29,53.7,88.6,94,24.5,22.5
2019-08-30,48.5,101.7,86,19.3,33.5
2019-08-31,34.2,73.2,68,20.5,44.3
2019-09-01,35.2,70.0,61,18.9,43.1
2019-09-02,34.0,53.0,64,22.4,55.9
2019-09-03,29.0,61.6,47,21.5,51.4
2019-09-04,46.5,94.7,84,21.9,20.0
2019-09-05,30.9,43.6,48,18.4,39.3
2019-09-06,35.5,57.1,64,19.7,27.9
2019-09-07,28.1,44.8,53,20.9,46.8
2019-09-08,44.9,87.9,86,24.1,30.1
2019-09-09,32.8,58.1,55,20.1,32.4
2019-09-10,42.0,64.7,73,15.9,83.5
2019-09-11,27.2,41.0,46,19.5,37.3
2019-09-12,30.3,51.9,53,18.0,40.6
2019-09-13,45.2,85.9,77,12.3,43.2
2019-09-14,30.0,52.7,43,12.5,50.1
2019-09-15,21.3,32.7,33,17.6,43.6
2019-09-16,25.4,47.2,45,17.6,43.9
2019-09-17,44.5,97.9,79,16.4,48.3
2019-09-18,44.8,65.4,83,19.7,61.5
2019-09-19,27.1,48.1,53,14.0,53.3
2019-09-20,30.5,50.0,53,12.4,65.3
2019-09-21,38.5,57.6,61,13.9,53.5
2019-09-22,44.4,92.7,82,14.3,78.5
2019-09-23,35.9,77.6,65,15.7,31.4
2019-09-24,40.0,64.6,71,13.2,33.0
2019-09-25,40.5,65.3,79,9.0,33.8
2019-09-26,51.7,71.5,95,7.4,30.9
2019-09-27,24.7,45.8,45,15.3,51.9
2019-09-28,31.2,41.3,57,11.3,41.1
2019-09-29,37.7,65.8,72,8.4,34.0
2019-09-30,42.7,61.4,73,16.1,52.2
2019-10-01,35.1,66.9,59,18.6,53.4
2019-10-02,35.9,76.7,63,13.4,35.2
2019-10-03,37.3,51.5,61,14.3,65.0
2019-10-04,34.8,69.6,62,14.1,24.9
2019-10-05,34.9,71.5,63,6.1,38.2
2019-10-06,41.6,60.7,75,15.4,63.1
2019-10-07,25.8,55.0,45,16.2,60.7
2019-10-08,32.3,60.0,66,17.8,43.4
2019-10-09,24.6,43.8,49,10.7,23.6
2019-10-10,35.0,66.6,63,8.4,35.8
2019-10-11,39.2,61.1,71,15.6,60.6
2019-10-12,44.4,58.7,87,12.8,46.8
2019-10-13,36.1,61.3,62,13.7,69.5
2019-10-14,29.8,58.7,49,8.9,40.8
2019-10-15,32.3,68.7,59,11.5,32.2
2019-10-16,47.6,80.3,88,7.3,37.8
2019-10-17,20.9,32.1,40,10.2,48.8
2019-10-18,29.0,41.1,56,8.9,54.4
2019-10-19,38.7,82.9,66,16.8,41.3
2019-10-20,32.8,49.5,52,11.2,42.5
2019-10-21,50.4,106.8,88,2.8,66.8
2019-10-22,31.9,46.7,60,9.1,47.9
2019-10-23,35.5,46.7,59,10.0,61.5
2019-10-24,33.7,50.6,51,7.2,34.4
2019-10-25,33.9,59.1,62,5.1,36.3
2019-10-26,22.9,37.0,38,10.2,61.9
2019-10-27,38.8,82.1,61,5.1,36.3
2019-10-28,23.2,41.5,42,9.5,71.3
2019-10-29,28.6,40.2,50,4.5,43.5
2019-10-30,35.8,66.7,73,5.8,53.9
2019-10-31,40.8,67.3,74,10.1,48.5
2019-11-01,50.2,95.9,93,8.5,39.7
2019-11-02,33.2,66.7,60,6.9,78.6
2019-11-03,26.7,58.4,45,6.5,45.0
2019-11-04,36.2,65.8,63,6.7,50.5
2019-11-05,47.8,77.9,91,3.8,30.0
2019-11-06,43.9,74.2,83,1.5,53.4
2019-11-07,23.9,39.7,36,7.6,65.4
2019-11-08,29.8,50.8,47,10.3,38.2
2019-11-09,38.1,50.6,63,7.3,67.2
2019-11-10,37.9,57.7,74,6.1,50.4
2019-11-11,34.5,75.5,53,1.5,41.0
2019-11-12,25.8,55.1,50,7.6,50.2
2019-11-13,35.8,48.1,66,6.3,67.1
2019-11-14,39.8,86.8,72,6.9,64.0
2019-11-15,21.7,43.7,37,7.6,68.4
2019-11-16,41.6,54.2,81,9.1,53.2
2019-11-17,45.7,97.0,83,0.8,34.2
2019-11-18,23.6,51.1,35,0.2,43.3
2019-11-19,36.5,68.1,60,4.3,70.9
2019-11-20,34.4,69.1,54,1.0,34.0
2019-11-21,36.5,58.4,72,0.3,71.4
2019-11-22,41.2,74.8,81,7.1,54.8
2019-11-23,27.3,53.5,55,0.3,31.6
2019-11-24,38.7,69.9,69,3.2,54.6
2019-11-25,10.3,16.2,11,-1.8,50.5
2019-11-26,37.0,69.7,61,3.1,56.5
2019-11-27,37.2,76.4,62,6.4,56.5
2019-11-28,44.1,90.5,79,6.3,79.6
2019-11-29,18.8,26.7,41,5.7,67.7
2019-11-30,34.1,58.0,68,2.2,50.3
2019-12-01,37.7,50.3,65,5.7,71.6
2019-12-02,21.3,39.8,27,3.6,23.7
2019-12-03,35.8,54.3,59,0.9,40.8
2019-12-04,30.6,65.4,61,3.2,33.8
2019-12-05,11.9,22.1,23,4.6,52.7
2019-12-06,29.4,48.8,51,-2.1,49.5
2019-12-07,20.3,39.8,34,-1.4,45.2
2019-12-08,10.6,15.8,15,1.3,34.9
2019-12-09,32.7,45.2,53,-2.0,33.7
2019-12-10,23.2,32.0,52,-2.1,60.7
2019-12-11,35.3,64.4,72,0.3,46.3
2019-12-12,26.5,55.6,44,4.4,41.3
2019-12-13,29.8,44.7,45,4.3,25.2
2019-12-14,27.2,54.0,50,2.3,48.4
2019-12-15,30.7,40.9,55,1.8,69.5
2019-12-16,15.0,24.3,30,7.5,34.0
2019-12-17,23.4,44.2,46,-0.4,52.1
2019-12-18,24.1,49.3,38,1.9,37.1
2019-12-19,27.5,59.1,56,-0.6,48.4
2019-12-20,25.7,48.0,44,-2.8,30.7
2019-12-21,23.5,40.3,45,4.6,43.2
2019-12-22,23.6,32.0,41,0.1,46.9
2019-12-23,33.7,52.2,65,3.1,51.8
2019-12-24,15.0,32.0,15,0.3,22.6
2019-12-25,28.1,51.3,54,4.7,50.7
2019-12-26,38.8,62.4,66,-2.0,49.1
2019-12-27,29.1,44.3,53,4.5,17.9
2019-12-28,38.3,53.7,75,3.7,86.0
2019-12-29,38.3,75.7,65,-4.4,56.8
2019-12-30,27.0,45.1,44,-0.5,50.8
2019-12-31,14.9,31.9,25,4.1,69.1
2020-01-01,29.4,50.2,51,6.0,65.2
2020-01-02,28.5,58.0,46,3.2,37.8
2020-01-03,17.5,24.8,32,-0.1,42.8
2020-01-04,11.5,16.5,21,-1.8,28.7
2020-01-05,12.2,18.9,24,2.9,18.1
2020-01-06,18.4,27.1,29,-0.1,59.6
2020-01-07,7.0,15.3,8,0.1,54.7
2020-01-08,12.3,24.9,22,0.6,44.3
2020-01-09,2.0,3.2,2,4.0,48.1
2020-01-10,26.1,46.1,46,6.8,14.5
2020-01-11,26.3,46.8,44,4.6,63.0
2020-01-12,17.2,31.8,33,1.6,72.2
2020-01-13,29.8,41.5,49,-1.1,45.5
2020-01-14,27.0,43.6,48,3.7,58.3
2020-01-15,18.5,25.5,32,6.7,67.2
2020-01-16,20.8,44.2,37,4.8,30.2
2020-01-17,11.2,18.6,26,2.5,79.4
2020-01-18,20.2,39.5,30,0.5,50.7
2020-01-19,15.0,31.9,15,3.1,41.2
2020-01-20,19.3,30.5,32,5.7,67.8
2020-01-21,17.8,24.5,26,3.0,38.8
2020-01-22,14.4,23.1,11,2.1,49.5
2020-01-23,21.0,40.0,47,0.4,47.1
2020-01-24,17.4,30.4,34,10.4,29.6
2020-01-25,13.4,18.3,27,0.0,30.0
2020-01-26,6.5,8.9,10,-0.1,43.0
2020-01-27,10.5,20.3,21,3.5,50.3
2020-01-28,29.1,57.1,50,2.5,45.0
2020-01-29,7.7,10.8,18,6.3,63.4
2020-01-30,15.4,31.0,29,6.5,66.4
2020-01-31,8.6,13.9,15,-0.2,56.1
2020-02-01,2.0,2.7,4,1.4,59.4
2020-02-02,14.7,23.5,34,1.1,32.9
2020-02-03,16.8,32.9,31,6.3,59.3
2020-02-04,13.8,26.1,20,5.3,64.4
2020-02-05,17.9,31.0,34,3.1,50.9
2020-02-06,15.3,23.7,30,5.0,46.5
2020-02-07,18.3,30.7,32,1.1,46.1
2020-02-08,2.2,3.6,4,2.5,54.3
2020-02-09,14.5,23.9,21,0.9,49.9
2020-02-10,16.5,28.7,30,5.5,64.9
2020-02-11,2.0,3.4,0,5.6,73.3
2020-02-12,18.2,25.3,32,2.4,51.6
2020-02-13,21.1,32.9,35,6.8,59.9
2020-02-14,19.2,27.2,39,8.9,30.9
2020-02-15,28.9,53.2,60,2.8,76.4
2020-02-16,13.7,23.0,19,5.1,37.9
2020-02-17,13.1,25.0,24,7.8,47.0
2020-02-18,17.0,23.4,29,6.4,41.2
2020-02-19,2.8,4.5,7,2.5,54.0
2020-02-20,2.0,2.9,4,5.5,70.8
2020-02-21,14.6,20.2,24,5.6,48.5
2020-02-22,18.5,36.9,34,6.7,19.8
2020-02-23,6.6,9.4,11,7.1,65.8
2020-02-24,10.6,15.4,27,12.3,26.8
2020-02-25,12.4,20.2,18,7.2,62.2
2020-02-26,8.0,12.5,16,2.9,55.9
2020-02-27,2.0,4.3,6,8.5,80.5
2020-02-28,9.0,19.7,18,13.7,60.9
2020-02-29,3.9,6.6,6,8.2,42.0
2020-03-01,25.3,37.5,52,7.6,44.3
2020-03-02,15.4,26.9,17,8.2,48.5
2020-03-03,2.0,3.5,0,11.1,53.9
2020-03-04,18.8,32.3,37,8.6,50.0
2020-03-05,7.9,10.4,10,5.2,63.2
2020-03-06,2.0,2.8,0,8.0,21.7
2020-03-07,5.2,7.4,7,10.0,65.6
2020-03-08,17.1,27.6,27,12.1,79.1
2020-03-09,2.0,3.6,7,9.0,60.7
2020-03-10,11.5,24.0,25,10.0,66.9
2020-03-11,2.0,3.0,4,11.3,74.0
2020-03-12,2.0,4.0,9,9.1,73.4
2020-03-13,2.0,3.0,0,11.4,36.0
2020-03-14,2.0,2.7,4,13.3,58.3
2020-03-15,2.0,3.8,10,8.5,28.3
2020-03-16,17.7,26.4,37,13.3,49.5
2020-03-17,4.0,8.5,14,9.3,23.4
2020-03-18,17.7,37.9,29,9.6,51.3
2020-03-19,14.2,19.8,30,11.1,89.2
2020-03-20,2.0,3.0,1,17.4,57.3
2020-03-21,2.0,3.0,7,8.4,58.2
2020-03-22,9.8,20.8,24,12.4,66.6
2020-03-23,2.0,2.7,0,13.9,62.7
2020-03-24,8.7,17.2,6,17.7,38.8
2020-03-25,16.6,25.9,39,20.3,30.1
2020-03-26,2.0,3.6,6,13.5,46.6
2020-03-27,2.0,2.9,3,16.6,29.0
2020-03-28,2.1,4.3,3,14.9,47.1
2020-03-29,2.0,3.8,0,15.1,54.1
2020-03-30,2.0,2.6,5,16.5,25.5
2020-03-31,2.0,3.0,1,11.2,63.0
2020-04-01,5.0,8.6,9,16.0,40.1
2020-04-02,6.6,11.7,12,17.8,42.7
2020-04-03,11.1,22.7,3,14.1,56.0
2020-04-04,7.7,12.7,16,18.3,33.0
2020-04-05,14.7,31.4,27,11.9,44.3
2020-04-06,2.0,2.9,5,17.6,42.1
2020-04-07,2.0,4.1,3,21.6,45.7
2020-04-08,4.7,9.9,9,17.2,46.7
2020-04-09,7.0,13.0,13,15.1,64.5
2020-04-10,10.0,21.7,19,14.0,42.6
2020-04-11,17.3,28.9,34,19.7,48.3
2020-04-12,14.9,28.7,28,21.6,44.4
2020-04-13,13.2,17.3,33,18.8,44.2
2020-04-14,19.5,30.2,31,17.8,59.7
2020-04-15,3.9,7.1,5,13.7,46.9
2020-04-16,2.0,4.2,12,20.1,29.7
2020-04-17,26.9,58.0,48,17.9,50.1
2020-04-18,11.5,20.9,25,18.3,42.6
2020-04-19,10.0,20.7,19,25.2,50.0
2020-04-20,12.2,24.6,21,15.2,32.4
2020-04-21,2.0,4.0,9,15.8,39.7
2020-04-22,2.0,2.8,6,21.7,58.2
2020-04-23,2.0,3.5,0,20.1,55.9
2020-04-24,11.9,20.7,22,19.9,29.9
2020-04-25,2.4,4.8,0,22.5,54.1
2020-04-26,6.3,11.5,18,22.7,45.0
2020-04-27,3.8,7.7,16,19.2,16.5
2020-04-28,2.0,4.3,13,20.5,56.7
2020-04-29,16.1,29.0,31,22.7,22.9
2020-04-30,2.0,4.0,1,23.2,48.1
2020-05-01,4.9,8.8,10,24.4,36.9
2020-05-02,2.0,3.7,0,21.4,41.4
2020-05-03,2.0,3.5,15,24.3,83.0
2020-05-04,7.9,17.1,20,26.3,42.8
2020-05-05,15.2,30.9,29,23.8,49.0
2020-05-06,2.0,4.0,9,23.6,40.3
2020-05-07,3.2,5.1,3,23.3,57.8
2020-05-08,2.0,3.5,0,22.4,47.6
2020-05-09,9.7,20.1,6,21.6,87.5
2020-05-10,8.1,17.4,15,23.7,47.9
2020-05-11,13.5,29.7,23,26.1,45.7
2020-05-12,2.0,3.9,6,22.3,83.7
2020-05-13,14.1,27.6,25,24.9,35.5
2020-05-14,2.1,2.9,6,24.7,51.3
2020-05-15,2.0,4.0,8,30.8,24.7
2020-05-16,10.2,16.4,11,27.8,63.3
2020-05-17,13.6,28.3,29,27.9,48.3
2020-05-18,7.1,9.3,11,28.7,58.5
2020-05-19,2.0,4.3,6,24.4,52.0
2020-05-20,11.1,19.3,25,30.3,56.6
2020-05-21,4.2,5.9,13,26.8,50.9
2020-05-22,14.0,25.8,26,26.3,23.9
2020-05-23,18.3,35.2,34,23.0,32.9
2020-05-24,19.0,38.0,39,25.5,61.1
2020-05-25,23.9,46.2,36,21.6,39.3
2020-05-26,18.1,32.5,28,26.3,70.0
2020-05-27,2.1,2.9,2,25.4,53.5
2020-05-28,24.6,51.1,38,26.1,48.7
2020-05-29,3.5,7.6,5,23.2,63.1
2020-05-30,2.0,4.0,2,29.6,62.3
2020-05-31,23.0,30.6,42,29.4,48.6
2020-06-01,7.2,14.3,13,32.8,51.1
2020-06-02,15.1,23.3,33,32.8,28.5
2020-06-03,7.8,16.9,17,28.3,60.3
2020-06-04,39.9,54.2,71,31.0,62.3
2020-06-05,27.3,37.8,47,28.8,55.6
2020-06-06,23.9,35.0,43,26.9,64.4
2020-06-07,14.3,28.3,26,27.4,66.6
2020-06-08,22.7,42.8,53,30.2,61.5
2020-06-09,11.9,23.3,14,40.6,49.9
2020-06-10,21.6,35.0,34,31.9,55.0
2020-06-11,15.0,31.4,22,29.3,44.8
2020-06-12,26.1,44.4,48,30.0,40.5
2020-06-13,11.3,16.1,21,30.1,54.1
2020-06-14,10.9,21.7,17,28.4,85.4
2020-06-15,12.3,21.9,27,31.0,23.2
2020-06-16,16.9,31.0,32,28.3,61.7
2020-06-17,19.1,31.5,39,25.8,74.5
2020-06-18,20.8,40.3,43,30.3,49.9
2020-06-19,14.7,19.6,16,30.7,36.2
2020-06-20,27.5,47.9,53,28.5,28.8
2020-06-21,27.7,46.7,43,29.9,82.9
2020-06-22,17.5,34.5,33,31.8,74.4
2020-06-23,42.0,64.6,75,28.8,58.0
2020-06-24,28.4,42.9,51,27.6,57.4
2020-06-25,35.8,56.8,58,26.9,60.4
2020-06-26,18.3,31.7,38,28.2,36.2
2020-06-27,8.9,13.3,10,33.6,73.4
2020-06-28,12.1,23.2,26,28.4,45.0
2020-06-29,15.2,24.3,20,30.1,47.2
2020-06-30,14.4,24.2,26,28.0,43.7
2020-07-01,2.0,3.6,13,27.7,48.8
2020-07-02,31.7,52.0,69,26.3,69.1
2020-07-03,13.5,26.1,16,29.2,41.5
2020-07-04,27.9,52.7,47,27.3,30.0
2020-07-05,36.7,72.7,63,32.7,34.2
2020-07-06,15.3,27.1,39,28.5,71.6
2020-07-07,23.4,38.2,42,28.6,57.3
2020-07-08,19.0,28.1,40,28.2,69.8
2020-07-09,30.5,51.6,56,29.8,56.2
2020-07-10,25.8,53.8,40,33.1,30.6
2020-07-11,19.4,27.3,26,25.4,72.2
2020-07-12,34.9,52.1,60,29.3,63.8
2020-07-13,23.0,43.7,53,23.7,34.3
2020-07-14,14.0,25.4,26,32.0,74.7
2020-07-15,34.2,72.7,67,28.0,38.0
2020-07-16,14.5,19.2,19,23.7,38.2
2020-07-17,23.7,49.5,41,24.3,8.8
2020-07-18,31.0,60.5,60,30.5,38.1
2020-07-19,27.6,55.1,44,23.0,63.6
2020-07-20,44.1,72.4,79,28.7,39.3
2020-07-21,32.2,50.8,54,26.5,60.2
2020-07-22,24.5,32.2,48,27.1,53.3
2020-07-23,31.2,62.7,58,25.5,38.6
2020-07-24,27.0,39.0,52,24.6,42.5
2020-07-25,24.2,36.4,48,25.9,50.1
2020-07-26,26.6,41.2,47,28.9,41.2
2020-07-27,31.9,66.4,62,26.2,16.4
2020-07-28,28.0,43.7,47,28.2,50.8
2020-07-29,29.4,49.5,56,26.1,77.4
2020-07-30,11.6,22.9,11,28.6,64.5
2020-07-31,36.9,77.6,63,27.8,57.0
2020-08-01,22.1,44.5,51,24.8,63.7
2020-08-02,28.9,51.5,55,23.4,57.3
2020-08-03,26.6,34.6,51,29.0,55.6
2020-08-04,23.4,33.7,38,23.6,57.5
2020-08-05,21.4,32.7,33,27.4,32.0
2020-08-06,38.3,64.1,68,25.8,77.6
2020-08-07,36.5,59.3,65,24.2,59.7
2020-08-08,26.9,47.4,58,26.7,45.9
2020-08-09,25.4,42.4,51,29.3,61.8
2020-08-10,20.0,39.1,37,26.9,33.2
2020-08-11,34.5,46.5,62,25.3,46.6
2020-08-12,34.9,76.6,67,29.6,40.7
2020-08-13,19.8,40.8,29,19.5,45.4
2020-08-14,28.3,45.3,41,21.0,61.9
2020-08-15,26.0,43.1,51,22.8,53.2
2020-08-16,24.0,52.0,44,28.3,55.9
2020-08-17,18.0,38.6,26,26.7,11.8
2020-08-18,31.3,51.8,46,18.5,56.7
2020-08-19,24.1,32.6,48,22.1,36.9
2020-08-20,33.7,73.8,58,19.3,22.8
2020-08-21,33.3,62.9,62,22.9,61.7
2020-08-22,39.1,75.2,69,25.6,47.4
2020-08-23,30.8,47.7,55,25.6,35.7
2020-08-24,38.0,77.4,65,23.3,32.2
2020-08-25,36.5,65.8,65,21.0,48.7
2020-08-26,30.0,51.7,57,21.8,13.5
2020-08-27,45.0,88.5,80,23.9,50.4
2020-08-28,18.7,30.6,32,28.7,58.6
2020-08-29,23.7,40.0,46,17.9,37.1
2020-08-30,18.4,34.7,36,26.0,57.2
2020-08-31,24.6,46.1,39,21.7,70.0
2020-09-01,39.1,85.0,70,23.2,49.5
2020-09-02,39.1,70.6,68,21.1,68.6
2020-09-03,32.5,51.6,59,24.5,36.9
2020-09-04,31.8,49.6,64,21.1,42.0
2020-09-05,22.9,40.8,43,17.9,59.7
2020-09-06,21.4,30.1,49,21.0,49.2
2020-09-07,36.2,66.2,66,22.8,45.9
2020-09-08,39.8,65.7,71,19.2,41.5
2020-09-09,39.2,63.4,70,12.7,65.0
2020-09-10,45.5,67.0,83,18.4,66.3
2020-09-11,24.1,42.1,45,18.8,47.6
2020-09-12,30.7,40.9,50,18.1,39.5
2020-09-13,30.5,56.3,54,16.5,34.6
2020-09-14,46.7,72.7,80,21.8,72.0
2020-09-15,33.2,70.2,65,10.4,31.3
2020-09-16,19.0,33.7,25,17.6,74.1
2020-09-17,41.2,82.5,75,17.4,57.3
2020-09-18,52.7,108.9,87,23.1,31.9
2020-09-19,31.0,64.8,58,16.6,55.3
2020-09-20,26.1,54.4,45,17.7,47.1
2020-09-21,42.9,64.5,68,16.5,71.5
2020-09-22,56.1,88.2,106,16.2,31.8
2020-09-23,40.6,78.6,60,20.9,71.1
2020-09-24,22.8,40.7,41,12.1,56.1
2020-09-25,39.2,72.5,74,13.2,35.0
2020-09-26,36.8,70.3,73,17.2,28.3
2020-09-27,30.3,42.5,46,15.4,45.9
2020-09-28,44.7,64.9,78,13.6,43.0
2020-09-29,36.6,68.6,71,14.0,67.8
2020-09-30,44.3,82.5,85,16.7,17.9
2020-10-01,27.5,56.0,56,15.2,15.0
2020-10-02,35.4,68.1,77,11.3,82.2
2020-10-03,26.6,39.6,45,13.9,55.9
2020-10-04,43.1,58.7,79,12.8,72.0
2020-10-05,48.3,79.8,85,14.2,62.9
2020-10-06,26.0,42.5,37,11.6,35.3
2020-10-07,21.2,42.2,38,8.7,51.1
2020-10-08,42.1,80.2,66,14.1,70.3
2020-10-09,38.5,80.3,67,13.5,67.5
2020-10-10,45.0,78.9,74,15.8,26.6
2020-10-11,25.8,40.2,49,7.4,59.4
2020-10-12,39.4,69.1,67,10.9,44.1
2020-10-13,40.1,59.9,63,10.2,16.1
2020-10-14,33.8,45.8,65,9.5,55.4
2020-10-15,26.7,46.7,45,5.8,34.7
2020-10-16,74.6,124.7,132,7.0,79.2
2020-10-17,33.8,44.9,56,10.8,46.6
2020-10-18,23.4,45.6,48,8.2,54.1
2020-10-19,35.5,66.7,65,7.0,55.2
2020-10-20,36.5,49.9,63,13.6,31.5
2020-10-21,46.0,89.2,73,16.2,62.9
2020-10-22,40.8,56.1,86,8.7,66.1
2020-10-23,29.6,52.3,63,4.1,60.0
2020-10-24,20.5,38.1,44,9.6,30.0
2020-10-25,36.0,63.0,61,2.0,56.1
2020-10-26,20.7,40.8,35,4.0,58.3
2020-10-27,41.7,68.7,77,9.0,45.1
2020-10-28,33.8,50.4,56,3.4,38.3
2020-10-29,37.5,65.2,63,6.5,74.3
2020-10-30,25.8,41.5,54,2.7,39.6
2020-10-31,31.8,45.7,57,7.2,82.7
2020-11-01,26.0,44.8,41,10.2,56.9
2020-11-02,38.1,56.4,73,4.8,23.5
2020-11-03,29.4,50.7,50,6.4,64.1
2020-11-04,36.9,67.6,57,3.8,48.2
2020-11-05,28.8,57.7,46,3.8,47.8
2020-11-06,28.2,58.3,48,3.4,44.3
2020-11-07,31.6,60.1,58,8.0,75.6
2020-11-08,30.4,64.0,56,1.3,47.7
2020-11-09,21.7,39.1,45,4.3,48.7
2020-11-10,38.4,74.5,68,6.4,65.2
2020-11-11,30.7,61.2,53,7.7,55.6
2020-11-12,38.0,77.6,75,6.1,47.6
2020-11-13,28.0,55.3,55,4.4,50.3
2020-11-14,32.8,69.3,58,2.8,40.7
2020-11-15,27.1,46.8,50,7.1,36.1
2020-11-16,24.8,53.5,42,1.6,55.4
2020-11-17,30.8,51.1,50,1.5,27.9
2020-11-18,25.9,35.3,58,7.9,72.0
2020-11-19,50.9,74.5,89,4.8,29.8
2020-11-20,37.0,66.7,68,4.8,34.8
2020-11-21,17.3,22.7,24,5.2,52.1
2020-11-22,23.4,33.7,46,3.0,54.7
2020-11-23,20.0,32.7,30,-1.1,39.0
2020-11-24,35.8,66.7,73,3.8,71.8
2020-11-25,31.9,46.2,66,2.9,60.5
2020-11-26,25.6,46.5,49,0.2,20.7
2020-11-27,28.0,53.1,51,-0.6,67.3
2020-11-28,32.7,65.0,58,2.4,52.7
2020-11-29,33.5,63.5,60,-1.6,54.1
2020-11-30,32.0,48.8,60,1.9,79.1
2020-12-01,33.7,74.1,61,1.5,44.7
2020-12-02,23.0,48.3,46,1.8,81.5
2020-12-03,23.0,37.6,37,3.3,61.3
2020-12-04,29.4,39.0,61,3.8,56.8
2020-12-05,37.5,66.6,65,-0.2,59.7
2020-12-06,32.7,68.0,55,4.4,24.5
2020-12-07,37.0,75.5,68,1.1,59.0
2020-12-08,27.2,57.3,51,6.9,47.0
2020-12-09,19.3,41.9,26,-0.2,69.7
2020-12-10,16.1,31.3,27,-3.3,57.0
2020-12-11,33.2,48.0,49,4.0,53.2
2020-12-12,12.5,16.7,19,2.7,62.1
2020-12-13,33.5,48.1,57,4.9,21.5
2020-12-14,15.0,22.2,28,2.2,61.8
2020-12-15,39.0,52.9,66,8.3,60.9
2020-12-16,22.1,37.7,37,0.6,43.9
2020-12-17,31.3,62.8,63,4.3,15.5
2020-12-18,39.2,51.1,81,-0.4,75.9
2020-12-19,18.5,37.4,29,2.6,15.5
2020-12-20,19.4,41.4,40,3.1,44.9
2020-12-21,14.7,21.1,28,3.5,42.3
2020-12-22,11.3,14.9,12,3.4,59.0
2020-12-23,21.3,36.9,34,-8.7,25.9
2020-12-24,28.6,59.5,36,0.8,75.4
2020-12-25,11.2,22.0,22,-0.7,52.8
2020-12-26,19.2,25.6,29,-0.1,37.0
2020-12-27,24.0,45.7,44,0.2,65.8
2020-12-28,11.9,24.2,34,3.9,60.9
2020-12-29,21.4,33.0,46,1.6,43.0
2020-12-30,39.3,74.2,67,-0.5,36.6
2020-12-31,7.5,13.1,8,-3.4,56.8
2021-01-01,33.5,49.7,67,5.7,49.9
2021-01-02,12.3,26.0,17,-0.9,54.6
2021-01-03,18.3,27.5,38,0.7,59.9
2021-01-04,27.1,55.7,62,7.6,81.7
2021-01-05,29.1,56.2,56,-0.7,51.9
2021-01-06,23.3,34.9,48,0.4,27.9
2021-01-07,11.2,21.7,26,2.0,44.7
2021-01-08,8.8,11.6,13,-3.5,51.8
2021-01-09,10.7,16.2,21,-3.8,30.6
2021-01-10,31.2,48.6,51,-0.0,30.7
2021-01-11,12.1,25.4,28,0.1,55.2
2021-01-12,16.5,35.0,24,1.9,59.0
2021-01-13,10.2,15.7,22,-1.3,78.6
2021-01-14,4.4,7.6,14,3.0,37.2
2021-01-15,20.6,45.0,35,-4.7,61.0
2021-01-16,12.8,24.3,19,1.6,40.4
2021-01-17,11.2,15.3,19,3.0,70.1
2021-01-18,14.7,24.3,22,3.0,70.8
2021-01-19,14.8,24.9,27,1.6,41.1
2021-01-20,31.4,49.5,52,0.2,21.9
2021-01-21,12.5,22.1,18,1.7,43.2
2021-01-22,19.4,38.1,38,6.1,65.7
2021-01-23,2.0,3.8,7,0.7,49.4
2021-01-24,6.6,10.7,10,5.5,47.4
2021-01-25,2.0,3.9,0,6.1,57.6
2021-01-26,21.6,38.5,45,-2.4,57.2
2021-01-27,20.7,41.2,35,2.6,67.8
2021-01-28,2.8,3.9,15,0.2,49.9
2021-01-29,12.2,20.3,21,-1.3,48.6
2021-01-30,19.3,31.9,35,5.7,47.9
2021-01-31,21.5,34.8,37,4.9,18.8
2021-02-01,7.5,14.5,15,4.4,37.7
2021-02-02,2.0,3.6,21,0.5,49.3
2021-02-03,5.0,8.2,7,4.5,48.3
2021-02-04,15.0,26.7,33,0.1,13.9
2021-02-05,26.6,51.4,48,4.4,68.8
2021-02-06,8.8,16.8,22,2.4,44.3
2021-02-07,3.1,6.2,0,7.7,44.9
2021-02-08,27.2,56.2,59,3.6,34.7
2021-02-09,21.0,41.3,40,5.5,35.7
2021-02-10,2.0,2.9,2,5.7,56.4
2021-02-11,12.0,24.7,26,5.0,40.2
2021-02-12,21.6,34.5,40,5.7,58.8
2021-02-13,26.3,50.0,42,6.4,19.1
2021-02-14,12.9,28.3,11,3.0,41.1
2021-02-15,2.0,3.1,13,7.1,53.9
2021-02-16,2.0,3.1,2,8.7,26.1
2021-02-17,4.2,6.1,4,7.5,29.4
2021-02-18,7.1,15.5,10,5.4,49.3
2021-02-19,10.7,18.0,27,7.2,31.0
2021-02-20,12.8,25.7,21,5.8,48.4
2021-02-21,25.7,34.5,49,6.7,41.2
2021-02-22,6.6,9.7,10,3.7,58.9
2021-02-23,5.9,8.0,4,11.6,35.6
2021-02-24,2.0,4.1,8,13.5,33.8
2021-02-25,13.7,19.1,30,5.7,55.2
2021-02-26,15.0,32.0,24,10.4,55.6
2021-02-27,12.3,23.3,22,12.6,57.1
2021-02-28,32.6,69.1,59,5.6,36.3
2021-03-01,2.0,3.3,6,2.2,28.0
2021-03-02,22.6,40.1,51,13.5,62.3
2021-03-03,16.2,21.5,28,9.1,70.4
2021-03-04,2.0,3.4,2,7.8,71.2
2021-03-05,13.7,25.1,24,9.7,45.9
2021-03-06,2.0,2.8,0,8.7,81.1
2021-03-07,10.8,23.6,11,18.9,46.2
2021-03-08,8.4,11.0,16,8.7,57.7
2021-03-09,9.6,14.8,20,11.5,43.7
2021-03-10,14.8,27.4,27,14.6,57.3
2021-03-11,13.8,24.1,25,14.8,61.7
2021-03-12,11.9,18.0,17,14.4,38.2
2021-03-13,4.4,9.6,9,10.1,53.5
2021-03-14,2.0,2.9,4,11.2,46.8
2021-03-15,2.0,3.6,6,5.3,38.6
2021-03-16,2.0,2.8,5,11.9,73.9
2021-03-17,2.3,3.1,6,12.4,46.7
2021-03-18,2.3,4.0,11,14.8,40.2
2021-03-19,2.0,4.0,6,18.2,73.6
2021-03-20,2.0,3.6,6,15.2,44.6
2021-03-21,5.2,8.1,1,16.5,81.6
2021-03-22,2.0,2.6,9,13.5,36.1
2021-03-23,2.0,4.3,2,17.6,53.9
2021-03-24,5.9,8.8,11,14.0,39.2
2021-03-25,2.0,3.6,0,17.7,39.0
2021-03-26,4.1,5.4,18,16.9,74.8
2021-03-27,2.5,3.5,0,15.9,64.6
2021-03-28,2.0,2.9,11,10.3,47.7
2021-03-29,6.3,8.8,13,18.5,60.0
2021-03-30,10.3,18.3,9,16.6,89.0
2021-03-31,2.0,3.3,14,17.8,69.9
2021-04-01,4.4,8.9,10,16.9,15.9
2021-04-02,6.0,8.4,0,17.6,33.5
2021-04-03,2.0,3.4,1,20.3,63.0
2021-04-04,10.2,17.2,21,15.2,48.5
2021-04-05,5.0,7.5,18,18.3,70.3
2021-04-06,2.0,2.8,2,14.8,51.5
2021-04-07,21.7,28.4,26,19.1,33.8
2021-04-08,10.0,13.2,25,18.4,72.0
2021-04-09,2.0,3.3,6,15.9,52.5
2021-04-10,2.0,2.7,0,18.4,27.2
2021-04-11,21.8,36.1,41,16.6,36.5
2021-04-12,2.0,3.4,6,17.4,69.8
2021-04-13,3.1,5.3,4,19.8,63.8
2021-04-14,15.3,22.5,23,19.8,63.6
2021-04-15,7.4,12.9,10,13.5,52.8
2021-04-16,10.9,18.0,18,20.6,25.2
2021-04-17,9.7,21.2,19,18.8,36.6
2021-04-18,6.0,8.0,15,18.7,54.6
2021-04-19,2.0,2.7,0,16.8,77.5
2021-04-20,8.2,16.7,16,20.2,36.1
2021-04-21,2.0,3.1,6,19.0,66.0
2021-04-22,5.7,8.4,11,24.6,27.0
2021-04-23,15.4,32.1,26,15.8,67.4
2021-04-24,3.3,5.9,13,18.4,69.9
2021-04-25,20.7,38.4,44,18.4,58.9
2021-04-26,6.2,8.1,9,22.4,63.2
2021-04-27,3.5,5.4,6,25.4,51.8
2021-04-28,2.0,3.1,7,23.6,43.6
2021-04-29,22.4,44.5,47,19.0,19.8
2021-04-30,6.0,9.9,7,21.2,61.0
2021-05-01,2.0,3.6,0,20.3,51.5
2021-05-02,13.6,29.1,26,24.4,64.9
2021-05-03,4.3,9.4,2,21.8,75.3
2021-05-04,2.0,2.8,0,19.1,84.2
2021-05-05,18.7,33.7,30,25.2,36.7
2021-05-06,2.0,3.9,6,27.5,74.4
2021-05-07,4.0,8.0,15,23.3,51.3
2021-05-08,4.1,8.7,4,24.4,32.1
2021-05-09,19.2,37.5,34,19.7,62.4
2021-05-10,23.1,44.4,42,18.2,44.6
2021-05-11,6.5,8.8,8,19.0,56.8
2021-05-12,8.9,15.9,12,24.6,29.7
2021-05-13,28.6,52.6,53,24.0,62.8
2021-05-14,9.1,17.5,10,26.7,50.4
2021-05-15,16.5,30.1,26,24.7,50.3
2021-05-16,2.0,3.3,3,28.4,46.3
2021-05-17,22.8,39.6,43,28.2,52.6
2021-05-18,2.0,4.3,0,24.8,41.6
2021-05-19,10.0,16.0,17,22.9,30.6
2021-05-20,9.4,18.9,10,20.3,20.1
2021-05-21,8.6,15.9,12,30.5,36.2
2021-05-22,7.9,13.4,18,23.5,36.9
2021-05-23,12.7,21.2,22,22.0,48.4
2021-05-24,22.0,39.2,48,27.0,56.3
2021-05-25,26.5,53.5,47,22.3,29.7
2021-05-26,8.1,11.4,19,27.3,76.9
2021-05-27,11.2,23.7,24,26.0,54.4
2021-05-28,3.7,7.4,7,29.9,76.5
2021-05-29,31.9,51.5,51,29.8,41.8
2021-05-30,16.7,21.9,30,30.7,39.0
2021-05-31,18.6,25.9,31,28.1,70.7
2021-06-01,20.6,29.5,34,25.0,76.3
2021-06-02,39.3,54.8,72,24.6,35.7
2021-06-03,18.1,25.2,25,26.2,43.9
2021-06-04,7.3,15.8,9,33.9,45.3
2021-06-05,25.8,48.8,41,27.2,58.4
2021-06-06,34.7,70.7,61,28.5,37.9
2021-06-07,18.1,32.7,29,32.7,45.2
2021-06-08,23.8,44.2,39,29.0,67.7
2021-06-09,16.9,35.4,31,26.1,38.6
2021-06-10,24.4,37.5,42,30.6,55.0
2021-06-11,21.7,41.8,39,27.2,61.1
2021-06-12,19.7,41.6,30,29.4,54.7
2021-06-13,17.9,38.4,28,30.1,87.8
2021-06-14,13.3,22.6,34,27.1,28.1
2021-06-15,14.9,30.9,23,29.2,36.0
2021-06-16,15.7,27.5,18,33.5,51.3
2021-06-17,15.8,24.2,30,26.9,45.7
2021-06-18,11.0,16.8,16,32.8,60.5
2021-06-19,18.6,31.7,35,27.1,42.8
2021-06-20,22.7,34.8,40,34.3,72.1
2021-06-21,21.0,27.9,41,26.3,54.4
2021-06-22,17.7,24.7,31,27.8,43.1
2021-06-23,11.1,22.9,19,33.5,51.9
2021-06-24,16.2,33.9,35,33.6,78.3
2021-06-25,12.9,26.9,12,31.4,35.6
2021-06-26,19.4,34.9,28,25.8,56.2
2021-06-27,8.6,18.4,11,29.2,64.4
2021-06-28,18.1,31.7,24,29.0,43.7
2021-06-29,12.3,21.1,20,26.4,65.3
2021-06-30,2.0,3.5,1,31.1,35.7
2021-07-01,35.4,54.1,69,26.6,71.4
2021-07-02,15.7,29.1,28,25.1,55.3
2021-07-03,34.4,58.6,61,24.1,61.6
2021-07-04,17.7,38.5,30,34.0,60.9
2021-07-05,42.9,62.4,72,27.3,25.5
2021-07-06,12.4,17.0,27,27.4,73.0
2021-07-07,23.2,37.5,48,25.7,66.7
2021-07-08,14.5,21.7,20,32.9,30.0
2021-07-09,52.0,114.0,102,24.6,53.5
2021-07-10,17.7,31.9,29,25.1,58.0
2021-07-11,26.5,43.0,44,27.7,52.5
2021-07-12,22.9,43.0,44,28.5,57.8
2021-07-13,24.6,42.0,47,30.5,50.2
2021-07-14,28.2,42.0,50,26.4,37.9
2021-07-15,38.1,63.1,67,33.0,60.2
2021-07-16,26.7,41.6,54,26.3,65.7
2021-07-17,25.0,46.8,42,25.2,31.4
2021-07-18,30.5,62.1,55,24.8,55.2
2021-07-19,36.4,55.9,74,25.7,34.1
2021-07-20,18.8,35.0,27,24.4,56.7
2021-07-21,11.4,22.1,18,30.1,57.9
2021-07-22,14.7,24.0,32,24.8,32.5
2021-07-23,18.7,32.5,36,27.3,22.1
2021-07-24,19.9,32.3,40,24.5,48.3
2021-07-25,17.8,29.1,25,23.9,49.4
2021-07-26,25.1,42.7,47,30.7,48.8
2021-07-27,26.8,42.0,47,32.0,42.0
2021-07-28,38.3,66.6,80,30.9,48.1
2021-07-29,18.3,36.2,37,22.6,40.9
2021-07-30,34.0,56.3,61,22.9,23.9
2021-07-31,33.4,71.8,62,32.7,59.7
2021-08-01,37.6,56.3,68,25.8,64.7
2021-08-02,32.9,56.1,63,22.3,38.2
2021-08-03,21.8,40.1,35,29.6,64.0
2021-08-04,38.0,68.0,75,26.4,47.2
2021-08-05,30.6,65.9,48,27.7,50.0
2021-08-06,34.9,55.6,64,19.2,40.1
2021-08-07,31.5,51.7,53,24.7,45.7
2021-08-08,25.2,46.3,46,28.4,38.5
2021-08-09,27.9,51.2,55,23.5,76.9
2021-08-10,28.8,57.9,43,28.9,15.0
2021-08-11,23.6,47.6,42,21.1,51.9
2021-08-12,12.3,16.1,15,24.6,49.9
2021-08-13,25.5,50.7,45,29.7,80.4
2021-08-14,32.7,63.6,52,21.1,57.6
2021-08-15,37.4,68.3,68,25.2,27.2
2021-08-16,35.7,56.6,62,26.0,63.4
2021-08-17,27.7,58.6,54,24.3,20.6
2021-08-18,23.0,45.2,48,23.1,84.3
2021-08-19,26.1,40.0,47,21.0,68.1
2021-08-20,20.2,31.8,41,24.0,60.5
2021-08-21,13.8,26.8,32,22.9,37.4
2021-08-22,26.1,55.5,42,18.8,35.4
2021-08-23,43.8,76.3,86,26.2,35.4
2021-08-24,57.0,119.2,102,19.9,77.4
2021-08-25,42.7,70.2,72,18.2,44.9
2021-08-26,31.7,52.5,59,20.5,64.7
2021-08-27,22.5,43.1,40,19.4,18.1
2021-08-28,27.6,37.1,43,21.1,64.6
2021-08-29,36.7,52.3,61,17.9,77.7
2021-08-30,38.0,74.3,77,22.8,59.0
2021-08-31,36.6,55.6,67,25.3,36.9
2021-09-01,43.9,64.0,86,21.3,71.5
2021-09-02,46.3,63.9,81,16.4,33.4
2021-09-03,28.4,42.7,47,17.8,38.7
2021-09-04,54.4,83.0,90,21.0,32.6
2021-09-05,14.2,22.8,30,14.2,49.4
2021-09-06,24.8,53.2,47,16.2,40.2
2021-09-07,33.6,63.2,58,14.7,51.0
2021-09-08,35.6,68.5,60,19.8,56.6
2021-09-09,30.7,43.6,61,25.7,37.1
2021-09-10,27.0,39.8,48,15.2,67.9
2021-09-11,48.6,102.5,87,21.2,54.3
2021-09-12,30.9,57.8,53,16.8,41.3
2021-09-13,25.1,50.9,43,14.3,51.3
2021-09-14,44.7,72.5,83,22.7,60.8
2021-09-15,39.7,72.2,64,24.3,44.7
2021-09-16,42.4,74.3,77,18.8,70.0
2021-09-17,33.8,50.2,66,18.4,59.1
2021-09-18,20.1,41.1,36,17.3,84.8
2021-09-19,31.9,51.1,63,16.4,65.8
2021-09-20,19.2,33.0,41,17.6,28.2
2021-09-21,41.2,58.5,79,18.4,56.9
2021-09-22,36.6,68.6,63,21.1,32.6
2021-09-23,44.0,88.5,79,14.3,48.5
2021-09-24,33.2,55.4,61,16.0,49.6
2021-09-25,45.7,99.6,80,15.1,43.0
2021-09-26,29.0,44.4,50,18.2,38.4
2021-09-27,41.3,86.1,72,22.1,43.1
2021-09-28,40.3,78.5,85,17.8,49.6
2021-09-29,25.1,53.6,44,16.8,85.9
2021-09-30,37.6,73.9,73,16.9,49.5
2021-10-01,40.3,70.3,68,17.8,57.1
2021-10-02,35.9,60.0,73,21.0,20.5
2021-10-03,25.0,51.2,43,8.4,31.2
2021-10-04,34.6,71.1,63,15.0,56.5
2021-10-05,36.5,66.8,57,5.2,45.1
2021-10-06,25.3,48.9,51,15.6,46.4
2021-10-07,23.6,40.5,49,14.2,31.1
2021-10-08,43.0,64.4,71,10.6,35.8
2021-10-09,44.9,60.4,87,4.0,47.2
2021-10-10,51.6,97.4,86,11.8,66.3
2021-10-11,42.0,79.9,79,12.2,43.8
2021-10-12,21.4,40.6,37,11.2,43.6
2021-10-13,49.3,89.0,95,9.2,65.1
2021-10-14,40.0,64.3,73,8.2,34.8
2021-10-15,16.7,25.3,35,10.5,35.0
2021-10-16,25.2,34.3,52,8.0,30.7
2021-10-17,27.0,38.7,47,12.6,51.5
2021-10-18,37.6,70.1,68,9.7,64.5
2021-10-19,12.9,25.7,18,4.6,39.8
2021-10-20,30.7,65.0,54,10.1,50.7
2021-10-21,37.5,51.6,77,10.5,78.2
2021-10-22,7.9,16.1,18,13.9,51.4
2021-10-23,36.7,67.4,61,11.6,64.3
2021-10-24,37.4,58.8,75,6.0,44.7
2021-10-25,23.2,45.3,44,12.7,25.7
2021-10-26,21.3,46.7,42,4.1,50.9
2021-10-27,34.5,56.6,65,8.1,41.1
2021-10-28,15.8,29.5,31,10.1,61.5
2021-10-29,27.7,42.5,40,12.0,64.8
2021-10-30,34.6,51.4,68,13.1,57.0
2021-10-31,22.6,32.4,29,11.0,42.4
2021-11-01,38.0,50.5,73,6.6,26.1
2021-11-02,39.6,77.3,72,8.5,39.7
2021-11-03,45.2,64.7,86,7.3,38.1
2021-11-04,26.0,49.6,48,4.3,42.9
2021-11-05,37.3,77.7,72,5.9,54.2
2021-11-06,40.5,83.5,73,11.4,69.7
2021-11-07,29.5,46.3,55,7.8,62.0
2021-11-08,34.2,48.3,64,11.8,51.2
2021-11-09,36.5,62.0,75,2.2,65.7
2021-11-10,32.0,46.8,61,4.2,61.1
2021-11-11,44.4,72.6,73,6.4,26.2
2021-11-12,22.6,40.9,38,7.2,51.4
2021-11-13,28.9,54.3,55,4.5,60.7
2021-11-14,21.1,31.6,44,7.0,43.2
2021-11-15,33.8,50.9,57,6.9,65.3
2021-11-16,25.8,53.6,58,0.2,68.9
2021-11-17,24.7,53.1,45,6.4,55.5
2021-11-18,41.6,78.1,77,7.2,69.1
2021-11-19,46.8,84.3,78,4.8,72.7
2021-11-20,27.5,52.0,55,-1.8,59.4
2021-11-21,21.0,29.7,36,2.8,19.6
2021-11-22,48.3,101.8,83,4.8,44.3
2021-11-23,29.4,43.7,51,0.7,67.3
2021-11-24,29.9,56.9,61,5.9,44.5
2021-11-25,30.3,45.4,57,5.2,28.3
2021-11-26,18.4,35.6,29,3.3,27.9
2021-11-27,22.5,44.5,38,2.9,53.8
2021-11-28,32.1,63.1,65,3.3,62.7
2021-11-29,21.1,35.6,37,2.6,23.8
2021-11-30,29.8,55.0,56,-1.4,42.8
2021-12-01,24.9,45.8,49,1.1,51.7
2021-12-02,15.1,29.4,10,2.5,52.3
2021-12-03,37.8,66.1,74,6.4,36.9
2021-12-04,32.3,56.7,54,4.1,62.7
2021-12-05,25.6,49.0,44,6.4,46.0
2021-12-06,27.4,39.8,57,-2.3,55.1
2021-12-07,9.3,17.6,24,0.7,58.7
2021-12-08,19.7,28.2,38,8.0,48.8
2021-12-09,10.7,20.9,23,-0.6,48.4
2021-12-10,27.1,44.7,54,-0.7,56.3
2021-12-11,25.2,51.8,53,0.7,21.7
2021-12-12,32.8,45.2,67,7.5,23.8
2021-12-13,38.1,65.3,69,-0.6,57.2
2021-12-14,10.5,15.2,15,3.0,61.1
2021-12-15,15.2,31.6,26,2.5,70.3
2021-12-16,25.9,36.6,47,-4.5,51.0
2021-12-17,24.5,42.5,44,1.2,61.1
2021-12-18,10.1,14.1,13,-0.5,80.6
2021-12-19,30.7,62.0,57,3.2,54.2
2021-12-20,41.9,65.1,68,6.3,58.2
2021-12-21,22.1,40.5,40,0.0,72.6
2021-12-22,10.7,15.5,20,0.0,63.5
2021-12-23,19.8,32.0,36,8.6,39.6
2021-12-24,25.5,35.8,50,-1.1,61.5
2021-12-25,21.8,39.1,43,-3.0,58.2
2021-12-26,32.6,42.5,70,5.1,33.5
2021-12-27,17.9,39.3,30,0.8,54.6
2021-12-28,36.8,61.6,68,1.9,60.2
2021-12-29,23.6,44.0,44,7.7,52.3
2021-12-30,20.2,31.5,37,-3.2,45.8
2021-12-31,27.8,42.5,44,0.4,45.6
2022-01-01,35.9,74.0,59,-2.7,37.8
2022-01-02,27.0,53.5,49,2.1,46.2
2022-01-03,15.9,29.9,21,-0.6,45.2
2022-01-04,10.7,21.2,18,-2.4,59.8
2022-01-05,11.7,17.1,18,3.4,44.2
2022-01-06,2.0,4.3,2,1.2,46.1
2022-01-07,20.1,34.4,42,-2.5,34.1
2022-01-08,28.3,58.9,46,-2.3,47.1
2022-01-09,11.6,22.8,25,2.0,54.6
2022-01-10,22.8,35.5,38,-3.6,40.2
2022-01-11,15.4,27.9,25,2.2,65.3
2022-01-12,29.3,63.6,55,5.6,37.7
2022-01-13,8.4,11.2,14,3.6,64.8
2022-01-14,4.9,8.3,4,-0.2,90.0
2022-01-15,3.0,5.6,4,2.6,48.7
2022-01-16,18.6,29.9,25,-1.9,68.1
2022-01-17,21.6,34.3,41,2.3,49.8
2022-01-18,6.6,13.0,0,1.0,48.0
2022-01-19,6.0,12.7,15,-1.0,56.6
2022-01-20,24.7,44.1,48,4.1,56.6
2022-01-21,2.0,4.3,12,-3.6,63.1
2022-01-22,18.8,26.2,45,-1.2,62.4
2022-01-23,8.6,12.9,20,-0.7,63.5
2022-01-24,14.0,19.3,22,1.1,47.8
2022-01-25,19.7,33.3,46,6.6,44.1
2022-01-26,19.3,36.0,29,5.1,59.1
2022-01-27,8.1,12.0,5,3.3,59.7
2022-01-28,20.4,34.8,46,3.3,36.5
2022-01-29,12.9,24.7,26,3.2,49.5
2022-01-30,39.7,74.5,62,7.5,53.9
2022-01-31,2.0,3.7,0,-2.0,46.9
2022-02-01,2.0,3.7,6,5.9,62.4
2022-02-02,18.0,39.4,28,2.2,70.2
2022-02-03,14.9,28.9,23,5.4,76.1
2022-02-04,14.4,30.5,36,5.6,49.5
2022-02-05,2.0,4.3,14,6.4,34.1
2022-02-06,11.4,23.6,21,9.1,19.9
2022-02-07,11.3,15.7,20,0.4,30.9
2022-02-08,4.2,7.5,12,7.7,31.9
2022-02-09,14.7,24.2,24,4.7,38.4
2022-02-10,2.0,2.8,0,3.6,59.8
2022-02-11,11.4,20.6,7,11.3,36.8
2022-02-12,18.5,27.6,33,7.5,57.7
2022-02-13,2.0,3.6,8,4.3,74.9
2022-02-14,2.0,4.1,4,8.6,61.9
2022-02-15,16.4,27.1,34,5.8,47.5
2022-02-16,2.0,4.3,8,4.8,37.5
2022-02-17,15.3,30.4,34,4.4,33.5
2022-02-18,9.4,19.0,18,7.4,57.7
2022-02-19,2.0,2.8,5,4.8,46.5
2022-02-20,17.4,37.4,31,7.3,68.5
2022-02-21,13.6,18.1,23,9.7,45.7
2022-02-22,8.2,16.9,7,7.6,55.5
2022-02-23,2.0,2.7,9,13.4,40.2
2022-02-24,10.7,15.5,17,7.7,62.4
2022-02-25,2.0,3.2,1,11.9,64.3
2022-02-26,2.2,4.3,1,11.0,34.0
2022-02-27,20.9,44.1,31,12.8,61.5
2022-02-28,19.9,37.8,35,14.4,47.4
2022-03-01,9.1,17.8,19,3.4,62.9
2022-03-02,2.0,3.1,0,9.7,23.5
2022-03-03,14.9,32.4,32,8.8,45.6
2022-03-04,14.4,24.0,24,9.7,43.3
2022-03-05,12.8,27.2,15,8.4,43.1
2022-03-06,15.5,31.0,35,8.2,42.4
2022-03-07,21.6,35.2,40,6.7,27.1
2022-03-08,2.0,3.2,8,10.5,77.5
2022-03-09,5.0,9.6,13,13.3,52.3
2022-03-10,8.7,18.7,11,9.2,64.2
2022-03-11,4.6,8.8,6,9.9,54.7
2022-03-12,2.0,4.1,9,9.1,59.5
2022-03-13,2.0,4.3,13,8.4,64.8
2022-03-14,12.5,20.0,23,10.9,68.8
2022-03-15,10.2,18.2,15,12.9,61.7
2022-03-16,2.8,5.2,13,15.9,61.9
2022-03-17,2.0,3.0,0,8.8,45.6
2022-03-18,22.8,46.0,43,12.5,51.5
2022-03-19,7.1,10.9,11,16.3,57.3
2022-03-20,11.8,22.8,23,9.5,35.7
2022-03-21,2.0,3.5,0,17.1,27.1
2022-03-22,5.6,11.5,8,12.2,20.2
2022-03-23,2.1,3.7,1,15.9,42.1
2022-03-24,3.3,6.0,9,13.3,59.7
2022-03-25,8.8,12.9,17,15.6,45.7
2022-03-26,9.6,19.5,22,19.3,55.2
2022-03-27,12.5,20.8,18,14.4,50.0
2022-03-28,2.0,3.6,3,18.0,45.5
2022-03-29,2.0,4.1,7,16.0,51.0
2022-03-30,2.0,3.5,8,13.1,45.6
2022-03-31,10.3,15.9,11,15.3,33.4
2022-04-01,2.0,3.1,5,15.3,69.7
2022-04-02,18.7,33.8,30,11.9,39.1
2022-04-03,8.1,12.7,19,17.8,44.6
2022-04-04,8.7,14.0,25,18.6,70.5
2022-04-05,6.0,9.1,0,19.3,46.5
2022-04-06,2.0,3.4,0,21.4,59.5
2022-04-07,5.6,9.6,11,20.2,36.7
2022-04-08,6.0,10.6,11,15.8,68.7
2022-04-09,2.0,3.7,8,16.7,45.2
2022-04-10,10.9,19.9,20,20.6,48.8
2022-04-11,2.0,3.3,1,19.5,39.1
2022-04-12,2.0,4.2,0,18.5,38.7
2022-04-13,2.0,3.5,0,16.2,30.6
2022-04-14,2.0,4.1,0,17.4,49.8
2022-04-15,2.0,3.6,1,21.0,71.4
2022-04-16,4.3,7.0,10,13.6,72.3
2022-04-17,6.7,13.2,11,12.7,74.2
2022-04-18,2.0,2.9,0,22.0,47.8
2022-04-19,2.0,4.3,0,18.5,30.9
2022-04-20,10.1,18.3,15,21.8,47.6
2022-04-21,9.9,13.8,15,25.3,30.4
2022-04-22,9.0,15.1,12,17.8,50.7
2022-04-23,2.0,3.9,7,16.0,49.3
2022-04-24,20.8,28.3,44,20.4,35.0
2022-04-25,2.0,3.1,0,19.4,37.9
2022-04-26,4.6,9.8,14,21.6,54.1
2022-04-27,2.0,3.2,7,23.5,46.1
2022-04-28,7.4,10.7,14,23.1,56.7
2022-04-29,2.0,2.8,11,22.4,66.8
2022-04-30,10.7,19.9,18,25.7,41.3
2022-05-01,7.3,13.2,15,24.7,18.1
2022-05-02,2.0,3.8,4,22.4,70.7
2022-05-03,14.1,30.5,26,25.0,73.2
2022-05-04,2.0,2.7,6,18.7,58.9
2022-05-05,6.5,9.6,12,26.7,43.8
2022-05-06,2.0,3.0,6,23.7,38.3
2022-05-07,13.7,23.1,21,20.3,44.6
2022-05-08,16.7,23.5,27,22.8,51.6
2022-05-09,20.6,34.4,34,27.4,69.4
2022-05-10,4.8,9.8,7,22.1,53.0
2022-05-11,2.0,2.9,9,25.8,41.6
2022-05-12,3.0,6.4,3,27.4,68.7
2022-05-13,17.8,37.7,35,25.0,36.8
2022-05-14,2.0,3.5,5,22.5,69.7
2022-05-15,2.0,4.1,1,25.1,49.4
2022-05-16,10.5,20.4,25,21.2,76.9
2022-05-17,11.7,19.0,25,24.1,35.8
2022-05-18,5.8,10.5,10,22.4,38.9
2022-05-19,5.2,7.3,9,25.8,55.6
2022-05-20,2.0,3.5,4,22.2,93.9
2022-05-21,14.9,30.5,19,26.4,49.7
2022-05-22,6.6,12.1,8,29.7,78.8
2022-05-23,2.0,3.3,6,30.1,65.8
2022-05-24,12.2,23.1,14,22.9,37.5
2022-05-25,2.0,4.4,0,24.8,80.8
2022-05-26,21.8,29.7,37,29.4,36.9
2022-05-27,16.8,26.8,45,29.1,22.8
2022-05-28,14.6,21.0,30,25.3,69.7
2022-05-29,8.5,18.4,21,25.8,59.2
2022-05-30,20.7,37.1,33,27.6,44.1
2022-05-31,8.0,11.3,16,22.0,36.2
2022-06-01,15.1,27.9,18,29.2,40.2
2022-06-02,25.5,44.6,44,30.9,59.9
2022-06-03,6.8,9.2,15,26.6,28.5
2022-06-04,22.2,46.1,33,23.6,28.7
2022-06-05,21.9,42.4,41,32.2,49.0
2022-06-06,14.7,19.2,29,28.7,60.0
2022-06-07,18.1,39.2,30,30.3,24.6
2022-06-08,12.0,17.3,17,24.3,48.7
2022-06-09,10.9,14.2,16,24.4,53.7
2022-06-10,6.7,11.3,10,29.6,37.7
2022-06-11,15.7,22.4,27,31.5,46.5
2022-06-12,7.8,14.1,17,25.1,49.6
2022-06-13,9.3,14.7,14,28.3,61.1
2022-06-14,9.1,13.3,24,23.9,53.4
2022-06-15,5.7,12.5,18,26.6,41.1
2022-06-16,26.5,42.4,49,28.0,43.5
2022-06-17,10.6,17.7,17,30.2,53.8
2022-06-18,22.6,35.4,38,22.5,65.9
2022-06-19,15.5,31.8,29,32.8,40.1
2022-06-20,10.0,14.8,20,28.4,42.1
2022-06-21,6.8,9.6,11,32.8,58.6
2022-06-22,16.0,33.5,27,31.0,25.5
2022-06-23,17.9,26.2,34,31.5,53.3
2022-06-24,21.2,43.9,39,35.0,43.0
2022-06-25,14.8,26.9,24,26.6,78.7
2022-06-26,31.8,64.9,58,29.4,39.4
2022-06-27,22.6,30.8,38,26.0,19.4
2022-06-28,7.0,15.2,9,28.7,28.0
2022-06-29,9.1,14.3,16,31.2,23.7
2022-06-30,21.2,28.7,35,32.4,41.9
2022-07-01,9.4,18.7,13,27.8,46.7
2022-07-02,23.1,33.7,47,25.3,55.3
2022-07-03,28.4,45.9,49,29.2,27.0
2022-07-04,26.2,48.1,56,26.4,72.1
2022-07-05,14.0,19.1,28,27.1,46.0
2022-07-06,24.1,35.7,39,30.9,14.3
2022-07-07,22.8,39.7,47,30.3,46.5
2022-07-08,13.8,23.2,21,31.3,26.6
2022-07-09,19.6,35.3,45,27.7,45.6
2022-07-10,22.4,43.8,41,31.7,63.0
2022-07-11,16.4,26.5,32,28.7,41.5
2022-07-12,28.6,47.6,52,27.7,36.7
2022-07-13,31.7,49.0,58,25.2,71.8
2022-07-14,30.5,49.0,54,22.2,53.9
2022-07-15,20.1,27.1,32,23.7,39.4
2022-07-16,23.8,43.4,45,28.9,58.3
2022-07-17,16.3,23.7,34,25.5,47.1
2022-07-18,16.8,32.7,24,23.2,49.3
2022-07-19,8.0,10.7,22,26.8,71.9
2022-07-20,26.7,36.1,51,28.8,48.8
2022-07-21,28.4,44.2,49,29.1,69.5
2022-07-22,27.5,46.6,47,27.7,44.9
2022-07-23,17.7,34.1,41,27.5,77.1
2022-07-24,22.8,43.8,46,25.9,29.4
2022-07-25,32.6,70.9,64,29.3,46.5
2022-07-26,32.1,51.9,57,26.8,28.5
2022-07-27,25.8,34.9,49,27.0,30.5
2022-07-28,42.1,87.4,78,30.2,74.9
2022-07-29,48.0,94.0,86,29.4,46.0
2022-07-30,21.0,28.6,38,26.3,36.4
2022-07-31,23.7,32.6,48,25.7,61.7
2022-08-01,28.7,49.6,60,25.6,27.9
2022-08-02,17.6,28.3,30,20.4,70.0
2022-08-03,33.4,61.3,54,29.6,56.9
2022-08-04,24.7,37.0,53,24.1,69.7
2022-08-05,31.1,67.3,64,28.6,37.9
2022-08-06,25.8,45.4,48,26.0,51.0
2022-08-07,19.6,38.7,44,29.9,63.4
2022-08-08,11.9,16.8,23,27.1,34.1
2022-08-09,37.1,68.8,62,28.1,62.7
2022-08-10,36.5,75.9,59,23.5,33.4
2022-08-11,33.3,44.0,53,21.2,56.5
2022-08-12,29.5,52.7,53,25.3,26.8
2022-08-13,8.1,12.3,12,19.0,62.3
2022-08-14,20.2,35.0,33,23.2,61.1
2022-08-15,23.8,48.4,42,20.8,38.0
2022-08-16,20.0,38.4,40,21.7,46.6
2022-08-17,13.7,27.1,22,25.8,41.0
2022-08-18,23.4,34.9,39,25.4,56.4
2022-08-19,29.6,60.7,51,23.2,39.8
2022-08-20,27.1,50.2,53,24.4,63.1
2022-08-21,36.0,49.0,64,21.6,55.2
2022-08-22,48.0,99.7,88,30.3,67.7
2022-08-23,33.6,45.4,68,23.8,37.1
2022-08-24,27.7,36.7,64,20.9,64.1
2022-08-25,42.0,86.1,79,25.1,50.2
2022-08-26,21.0,27.5,41,26.0,61.3
2022-08-27,12.6,17.4,17,19.7,81.8
2022-08-28,21.6,28.4,41,17.6,63.4
2022-08-29,38.8,81.2,70,18.0,24.8
2022-08-30,30.0,40.2,58,19.4,26.4
2022-08-31,20.1,32.9,34,21.0,56.8
2022-09-01,22.9,34.2,42,16.1,42.5
2022-09-02,30.2,48.5,57,19.5,32.2
2022-09-03,19.4,30.3,44,19.9,70.7
2022-09-04,42.2,88.6,84,21.3,53.8
2022-09-05,33.0,65.7,66,21.9,48.9
2022-09-06,47.1,98.7,88,21.1,44.7
2022-09-07,29.2,56.9,50,25.0,31.4
2022-09-08,36.2,57.8,69,22.7,49.7
2022-09-09,33.4,49.0,56,19.9,49.1
2022-09-10,37.8,67.2,67,16.0,67.7
2022-09-11,34.6,56.1,71,16.7,59.0
2022-09-12,37.6,70.7,70,14.2,66.2
2022-09-13,34.2,45.7,63,18.7,48.1
2022-09-14,21.5,41.7,40,19.0,51.2
2022-09-15,38.9,61.1,70,20.5,42.7
2022-09-16,31.2,53.5,45,18.4,36.9
2022-09-17,35.9,78.3,58,20.5,35.1
2022-09-18,37.8,56.5,71,20.3,61.6
2022-09-19,40.1,56.4,68,13.8,60.4
2022-09-20,29.0,43.2,52,15.0,64.8
2022-09-21,32.7,52.9,53,16.3,46.0
2022-09-22,30.9,55.1,52,14.0,59.5
2022-09-23,17.5,38.2,31,15.1,66.7
2022-09-24,28.3,58.9,56,16.5,35.9
2022-09-25,41.9,81.4,81,15.0,64.2
2022-09-26,28.6,55.7,48,15.2,36.4
2022-09-27,47.6,74.0,87,12.1,37.7
2022-09-28,33.0,70.5,52,16.2,49.0
2022-09-29,30.3,54.1,55,15.7,24.8
2022-09-30,32.0,46.3,62,11.9,49.9
2022-10-01,38.9,83.8,70,10.1,69.6
2022-10-02,30.5,53.6,61,17.4,67.7
2022-10-03,39.6,57.0,75,18.7,43.0
2022-10-04,26.6,52.2,49,13.9,63.4
2022-10-05,34.3,51.8,60,11.9,58.6
2022-10-06,38.1,56.0,66,15.9,45.9
2022-10-07,29.3,45.1,45,13.9,34.5
2022-10-08,41.7,75.9,69,11.6,57.4
2022-10-09,35.2,55.0,68,14.9,48.2
2022-10-10,40.9,54.7,81,9.4,47.3
2022-10-11,40.2,66.3,67,9.5,35.5
2022-10-12,53.0,80.1,96,12.4,74.6
2022-10-13,29.0,51.0,44,11.5,53.6
2022-10-14,29.8,51.1,49,12.8,44.9
2022-10-15,35.8,49.1,66,14.2,33.7
2022-10-16,27.4,41.7,47,5.8,76.4
2022-10-17,34.4,53.4,52,10.3,50.4
2022-10-18,50.4,87.5,99,15.7,38.7
2022-10-19,26.9,54.9,48,8.0,37.7
2022-10-20,41.9,62.7,70,7.4,35.6
2022-10-21,28.8,41.5,52,2.6,44.4
2022-10-22,52.0,67.6,93,9.4,48.2
2022-10-23,50.5,93.2,93,10.6,48.0
2022-10-24,39.2,62.4,69,10.4,54.8
2022-10-25,28.8,54.8,53,5.3,43.8
2022-10-26,30.9,59.4,60,8.2,70.9
2022-10-27,24.1,32.3,37,8.7,64.9
2022-10-28,31.3,52.5,53,8.0,37.4
2022-10-29,30.9,67.1,60,4.3,69.6
2022-10-30,31.7,49.1,54,7.6,33.3
2022-10-31,19.4,34.5,35,4.7,43.7
2022-11-01,35.6,63.5,62,1.4,62.9
2022-11-02,42.7,65.5,75,8.8,51.7
2022-11-03,44.3,88.7,77,7.0,64.6
2022-11-04,28.3,36.9,45,8.2,23.5
2022-11-05,55.4,83.3,102,4.6,51.8
2022-11-06,23.5,43.1,48,7.9,56.6
2022-11-07,26.6,56.5,47,8.9,61.7
2022-11-08,20.5,26.8,42,10.9,60.7
2022-11-09,24.8,45.7,42,7.9,42.5
2022-11-10,41.6,54.2,72,6.5,35.1
2022-11-11,25.2,46.9,47,1.0,55.9
2022-11-12,15.2,25.4,29,4.7,50.8
2022-11-13,41.7,70.5,74,0.5,56.3
2022-11-14,29.5,64.0,56,2.2,31.1
2022-11-15,32.8,62.8,53,10.3,50.8
2022-11-16,24.8,36.6,43,1.3,59.0
2022-11-17,18.3,40.2,38,-2.9,61.7
2022-11-18,25.1,38.4,50,6.5,37.4
2022-11-19,30.0,57.5,58,1.9,47.7
2022-11-20,30.0,57.4,59,6.0,62.2
2022-11-21,30.1,62.1,52,0.1,43.2
2022-11-22,20.6,34.2,29,2.2,75.3
2022-11-23,31.7,61.1,56,6.9,36.5
2022-11-24,25.7,47.9,49,-0.8,43.2
2022-11-25,22.7,38.4,45,2.5,63.5
2022-11-26,25.6,54.4,43,3.8,57.6
2022-11-27,23.0,35.1,37,0.7,50.2
2022-11-28,28.2,42.4,46,3.4,59.7
2022-11-29,47.3,88.3,82,2.6,51.2
2022-11-30,30.2,44.4,45,4.1,44.1
2022-12-01,25.6,52.4,43,7.9,64.4
2022-12-02,17.1,27.5,31,10.3,35.9
2022-12-03,16.9,28.4,30,3.6,74.6
2022-12-04,20.9,40.0,36,1.7,20.6
2022-12-05,22.2,46.5,37,3.3,44.9
2022-12-06,29.3,56.3,50,1.2,56.4
2022-12-07,28.5,39.5,49,-2.9,50.0
2022-12-08,20.1,32.2,40,1.6,70.6
2022-12-09,31.3,61.8,56,4.9,85.0
2022-12-10,29.0,61.4,68,-2.8,21.5
2022-12-11,21.4,40.0,37,-1.4,28.9
2022-12-12,29.2,53.6,55,-0.3,65.9
2022-12-13,16.2,26.6,28,2.5,28.1
2022-12-14,21.6,37.4,37,8.5,36.4
2022-12-15,12.0,20.3,29,-1.1,54.5
2022-12-16,19.8,26.7,41,1.5,45.6
2022-12-17,18.2,24.0,24,1.2,61.8
2022-12-18,15.1,28.0,22,0.3,58.9
2022-12-19,18.8,33.1,33,1.0,60.2
2022-12-20,15.4,23.4,25,-0.3,42.0
2022-12-21,22.9,48.2,34,9.3,26.9
2022-12-22,22.2,33.0,41,3.3,22.3
2022-12-23,31.9,61.6,48,-0.3,49.5
2022-12-24,7.8,15.7,15,4.6,36.8
2022-12-25,14.0,28.8,29,1.8,33.3
2022-12-26,17.3,35.6,36,1.2,43.0
2022-12-27,17.6,35.5,31,0.5,47.0
2022-12-28,21.1,36.1,46,0.3,76.4
2022-12-29,28.2,52.5,52,-2.7,56.8
2022-12-30,22.9,47.4,45,-4.0,65.3
2022-12-31,17.9,30.0,29,2.1,50.3
